[Parallel(n_jobs=15)]: Using backend LokyBackend with 15 concurrent workers.
[Parallel(n_jobs=15)]: Done  11 tasks      | elapsed:    2.8s
[Parallel(n_jobs=15)]: Done 132 tasks      | elapsed:    4.5s
C:\Users\User\Lab\py_repos\venv\lib\site-packages\sklearn\utils\validation.py:2739: UserWarning: X does not have valid feature names, but LGBMRegressor was fitted with feature names
  warnings.warn(
C:\Users\User\Lab\py_repos\venv\lib\site-packages\sklearn\utils\validation.py:2739: UserWarning: X does not have valid feature names, but LGBMRegressor was fitted with feature names
  warnings.warn(
C:\Users\User\Lab\py_repos\venv\lib\site-packages\sklearn\utils\validation.py:2739: UserWarning: X does not have valid feature names, but LGBMRegressor was fitted with feature names
  warnings.warn(
C:\Users\User\Lab\py_repos\venv\lib\site-packages\sklearn\utils\validation.py:2739: UserWarning: X does not have valid feature names, but LGBMRegressor was fitted with feature names
  warnings.warn(
C:\Users\User\Lab\py_repos\venv\lib\site-packages\sklearn\utils\validation.py:2739: UserWarning: X does not have valid feature names, but LGBMRegressor was fitted with feature names
  warnings.warn(
C:\Users\User\Lab\py_repos\venv\lib\site-packages\sklearn\utils\validation.py:2739: UserWarning: X does not have valid feature names, but LGBMRegressor was fitted with feature names
  warnings.warn(
C:\Users\User\Lab\py_repos\venv\lib\site-packages\sklearn\utils\validation.py:2739: UserWarning: X does not have valid feature names, but LGBMRegressor was fitted with feature names
  warnings.warn(
C:\Users\User\Lab\py_repos\venv\lib\site-packages\sklearn\utils\validation.py:2739: UserWarning: X does not have valid feature names, but LGBMRegressor was fitted with feature names
  warnings.warn(
C:\Users\User\Lab\py_repos\venv\lib\site-packages\sklearn\utils\validation.py:2739: UserWarning: X does not have valid feature names, but LGBMRegressor was fitted with feature names
  warnings.warn(
C:\Users\User\Lab\py_repos\venv\lib\site-packages\sklearn\utils\validation.py:2739: UserWarning: X does not have valid feature names, but LGBMRegressor was fitted with feature names
  warnings.warn(
C:\Users\User\Lab\py_repos\venv\lib\site-packages\sklearn\utils\validation.py:2739: UserWarning: X does not have valid feature names, but LGBMRegressor was fitted with feature names
  warnings.warn(
C:\Users\User\Lab\py_repos\venv\lib\site-packages\sklearn\utils\validation.py:2739: UserWarning: X does not have valid feature names, but LGBMRegressor was fitted with feature names
  warnings.warn(
C:\Users\User\Lab\py_repos\venv\lib\site-packages\sklearn\utils\validation.py:2739: UserWarning: X does not have valid feature names, but LGBMRegressor was fitted with feature names
  warnings.warn(
C:\Users\User\Lab\py_repos\venv\lib\site-packages\sklearn\utils\validation.py:2739: UserWarning: X does not have valid feature names, but LGBMRegressor was fitted with feature names
  warnings.warn(
C:\Users\User\Lab\py_repos\venv\lib\site-packages\sklearn\utils\validation.py:2739: UserWarning: X does not have valid feature names, but LGBMRegressor was fitted with feature names
  warnings.warn(
C:\Users\User\Lab\py_repos\venv\lib\site-packages\sklearn\utils\validation.py:2739: UserWarning: X does not have valid feature names, but LGBMRegressor was fitted with feature names
  warnings.warn(
C:\Users\User\Lab\py_repos\venv\lib\site-packages\sklearn\utils\validation.py:2739: UserWarning: X does not have valid feature names, but LGBMRegressor was fitted with feature names
  warnings.warn(
C:\Users\User\Lab\py_repos\venv\lib\site-packages\sklearn\utils\validation.py:2739: UserWarning: X does not have valid feature names, but LGBMRegressor was fitted with feature names
  warnings.warn(
C:\Users\User\Lab\py_repos\venv\lib\site-packages\sklearn\utils\validation.py:2739: UserWarning: X does not have valid feature names, but LGBMRegressor was fitted with feature names
  warnings.warn(
C:\Users\User\Lab\py_repos\venv\lib\site-packages\sklearn\utils\validation.py:2739: UserWarning: X does not have valid feature names, but LGBMRegressor was fitted with feature names
  warnings.warn(
C:\Users\User\Lab\py_repos\venv\lib\site-packages\sklearn\utils\validation.py:2739: UserWarning: X does not have valid feature names, but LGBMRegressor was fitted with feature names
  warnings.warn(
C:\Users\User\Lab\py_repos\venv\lib\site-packages\sklearn\utils\validation.py:2739: UserWarning: X does not have valid feature names, but LGBMRegressor was fitted with feature names
  warnings.warn(
C:\Users\User\Lab\py_repos\venv\lib\site-packages\sklearn\utils\validation.py:2739: UserWarning: X does not have valid feature names, but LGBMRegressor was fitted with feature names
  warnings.warn(
C:\Users\User\Lab\py_repos\venv\lib\site-packages\sklearn\utils\validation.py:2739: UserWarning: X does not have valid feature names, but LGBMRegressor was fitted with feature names
  warnings.warn(
C:\Users\User\Lab\py_repos\venv\lib\site-packages\sklearn\utils\validation.py:2739: UserWarning: X does not have valid feature names, but LGBMRegressor was fitted with feature names
  warnings.warn(
C:\Users\User\Lab\py_repos\venv\lib\site-packages\sklearn\utils\validation.py:2739: UserWarning: X does not have valid feature names, but LGBMRegressor was fitted with feature names
  warnings.warn(
C:\Users\User\Lab\py_repos\venv\lib\site-packages\sklearn\utils\validation.py:2739: UserWarning: X does not have valid feature names, but LGBMRegressor was fitted with feature names
  warnings.warn(
C:\Users\User\Lab\py_repos\venv\lib\site-packages\sklearn\utils\validation.py:2739: UserWarning: X does not have valid feature names, but LGBMRegressor was fitted with feature names
  warnings.warn(
C:\Users\User\Lab\py_repos\venv\lib\site-packages\sklearn\utils\validation.py:2739: UserWarning: X does not have valid feature names, but LGBMRegressor was fitted with feature names
  warnings.warn(
C:\Users\User\Lab\py_repos\venv\lib\site-packages\sklearn\utils\validation.py:2739: UserWarning: X does not have valid feature names, but LGBMRegressor was fitted with feature names
  warnings.warn(
C:\Users\User\Lab\py_repos\venv\lib\site-packages\sklearn\utils\validation.py:2739: UserWarning: X does not have valid feature names, but LGBMRegressor was fitted with feature names
  warnings.warn(
C:\Users\User\Lab\py_repos\venv\lib\site-packages\sklearn\utils\validation.py:2739: UserWarning: X does not have valid feature names, but LGBMRegressor was fitted with feature names
  warnings.warn(
C:\Users\User\Lab\py_repos\venv\lib\site-packages\sklearn\utils\validation.py:2739: UserWarning: X does not have valid feature names, but LGBMRegressor was fitted with feature names
  warnings.warn(
C:\Users\User\Lab\py_repos\venv\lib\site-packages\sklearn\utils\validation.py:2739: UserWarning: X does not have valid feature names, but LGBMRegressor was fitted with feature names
  warnings.warn(
C:\Users\User\Lab\py_repos\venv\lib\site-packages\sklearn\utils\validation.py:2739: UserWarning: X does not have valid feature names, but LGBMRegressor was fitted with feature names
  warnings.warn(
C:\Users\User\Lab\py_repos\venv\lib\site-packages\sklearn\utils\validation.py:2739: UserWarning: X does not have valid feature names, but LGBMRegressor was fitted with feature names
  warnings.warn(
C:\Users\User\Lab\py_repos\venv\lib\site-packages\sklearn\utils\validation.py:2739: UserWarning: X does not have valid feature names, but LGBMRegressor was fitted with feature names
  warnings.warn(
C:\Users\User\Lab\py_repos\venv\lib\site-packages\sklearn\utils\validation.py:2739: UserWarning: X does not have valid feature names, but LGBMRegressor was fitted with feature names
  warnings.warn(
C:\Users\User\Lab\py_repos\venv\lib\site-packages\sklearn\utils\validation.py:2739: UserWarning: X does not have valid feature names, but LGBMRegressor was fitted with feature names
  warnings.warn(
C:\Users\User\Lab\py_repos\venv\lib\site-packages\sklearn\utils\validation.py:2739: UserWarning: X does not have valid feature names, but LGBMRegressor was fitted with feature names
  warnings.warn(
C:\Users\User\Lab\py_repos\venv\lib\site-packages\sklearn\utils\validation.py:2739: UserWarning: X does not have valid feature names, but LGBMRegressor was fitted with feature names
  warnings.warn(
C:\Users\User\Lab\py_repos\venv\lib\site-packages\sklearn\utils\validation.py:2739: UserWarning: X does not have valid feature names, but LGBMRegressor was fitted with feature names
  warnings.warn(
C:\Users\User\Lab\py_repos\venv\lib\site-packages\sklearn\utils\validation.py:2739: UserWarning: X does not have valid feature names, but LGBMRegressor was fitted with feature names
  warnings.warn(
C:\Users\User\Lab\py_repos\venv\lib\site-packages\sklearn\utils\validation.py:2739: UserWarning: X does not have valid feature names, but LGBMRegressor was fitted with feature names
  warnings.warn(
C:\Users\User\Lab\py_repos\venv\lib\site-packages\sklearn\utils\validation.py:2739: UserWarning: X does not have valid feature names, but LGBMRegressor was fitted with feature names
  warnings.warn(
C:\Users\User\Lab\py_repos\venv\lib\site-packages\sklearn\utils\validation.py:2739: UserWarning: X does not have valid feature names, but LGBMRegressor was fitted with feature names
  warnings.warn(
C:\Users\User\Lab\py_repos\venv\lib\site-packages\sklearn\utils\validation.py:2739: UserWarning: X does not have valid feature names, but LGBMRegressor was fitted with feature names
  warnings.warn(
C:\Users\User\Lab\py_repos\venv\lib\site-packages\sklearn\utils\validation.py:2739: UserWarning: X does not have valid feature names, but LGBMRegressor was fitted with feature names
  warnings.warn(
C:\Users\User\Lab\py_repos\venv\lib\site-packages\sklearn\utils\validation.py:2739: UserWarning: X does not have valid feature names, but LGBMRegressor was fitted with feature names
  warnings.warn(
C:\Users\User\Lab\py_repos\venv\lib\site-packages\sklearn\utils\validation.py:2739: UserWarning: X does not have valid feature names, but LGBMRegressor was fitted with feature names
  warnings.warn(
C:\Users\User\Lab\py_repos\venv\lib\site-packages\sklearn\utils\validation.py:2739: UserWarning: X does not have valid feature names, but LGBMRegressor was fitted with feature names
  warnings.warn(
C:\Users\User\Lab\py_repos\venv\lib\site-packages\sklearn\utils\validation.py:2739: UserWarning: X does not have valid feature names, but LGBMRegressor was fitted with feature names
  warnings.warn(
C:\Users\User\Lab\py_repos\venv\lib\site-packages\sklearn\utils\validation.py:2739: UserWarning: X does not have valid feature names, but LGBMRegressor was fitted with feature names
  warnings.warn(
C:\Users\User\Lab\py_repos\venv\lib\site-packages\sklearn\utils\validation.py:2739: UserWarning: X does not have valid feature names, but LGBMRegressor was fitted with feature names
  warnings.warn(
C:\Users\User\Lab\py_repos\venv\lib\site-packages\sklearn\utils\validation.py:2739: UserWarning: X does not have valid feature names, but LGBMRegressor was fitted with feature names
  warnings.warn(
C:\Users\User\Lab\py_repos\venv\lib\site-packages\sklearn\utils\validation.py:2739: UserWarning: X does not have valid feature names, but LGBMRegressor was fitted with feature names
  warnings.warn(
C:\Users\User\Lab\py_repos\venv\lib\site-packages\sklearn\utils\validation.py:2739: UserWarning: X does not have valid feature names, but LGBMRegressor was fitted with feature names
  warnings.warn(
C:\Users\User\Lab\py_repos\venv\lib\site-packages\sklearn\utils\validation.py:2739: UserWarning: X does not have valid feature names, but LGBMRegressor was fitted with feature names
  warnings.warn(
C:\Users\User\Lab\py_repos\venv\lib\site-packages\sklearn\utils\validation.py:2739: UserWarning: X does not have valid feature names, but LGBMRegressor was fitted with feature names
  warnings.warn(
C:\Users\User\Lab\py_repos\venv\lib\site-packages\sklearn\utils\validation.py:2739: UserWarning: X does not have valid feature names, but LGBMRegressor was fitted with feature names
  warnings.warn(
C:\Users\User\Lab\py_repos\venv\lib\site-packages\sklearn\utils\validation.py:2739: UserWarning: X does not have valid feature names, but LGBMRegressor was fitted with feature names
  warnings.warn(
C:\Users\User\Lab\py_repos\venv\lib\site-packages\sklearn\utils\validation.py:2739: UserWarning: X does not have valid feature names, but LGBMRegressor was fitted with feature names
  warnings.warn(
C:\Users\User\Lab\py_repos\venv\lib\site-packages\sklearn\utils\validation.py:2739: UserWarning: X does not have valid feature names, but LGBMRegressor was fitted with feature names
  warnings.warn(
C:\Users\User\Lab\py_repos\venv\lib\site-packages\sklearn\utils\validation.py:2739: UserWarning: X does not have valid feature names, but LGBMRegressor was fitted with feature names
  warnings.warn(
C:\Users\User\Lab\py_repos\venv\lib\site-packages\sklearn\utils\validation.py:2739: UserWarning: X does not have valid feature names, but LGBMRegressor was fitted with feature names
  warnings.warn(
C:\Users\User\Lab\py_repos\venv\lib\site-packages\sklearn\utils\validation.py:2739: UserWarning: X does not have valid feature names, but LGBMRegressor was fitted with feature names
  warnings.warn(
C:\Users\User\Lab\py_repos\venv\lib\site-packages\sklearn\utils\validation.py:2739: UserWarning: X does not have valid feature names, but LGBMRegressor was fitted with feature names
  warnings.warn(
C:\Users\User\Lab\py_repos\venv\lib\site-packages\sklearn\utils\validation.py:2739: UserWarning: X does not have valid feature names, but LGBMRegressor was fitted with feature names
  warnings.warn(
C:\Users\User\Lab\py_repos\venv\lib\site-packages\sklearn\utils\validation.py:2739: UserWarning: X does not have valid feature names, but LGBMRegressor was fitted with feature names
  warnings.warn(
C:\Users\User\Lab\py_repos\venv\lib\site-packages\sklearn\utils\validation.py:2739: UserWarning: X does not have valid feature names, but LGBMRegressor was fitted with feature names
  warnings.warn(
C:\Users\User\Lab\py_repos\venv\lib\site-packages\sklearn\utils\validation.py:2739: UserWarning: X does not have valid feature names, but LGBMRegressor was fitted with feature names
  warnings.warn(
C:\Users\User\Lab\py_repos\venv\lib\site-packages\sklearn\utils\validation.py:2739: UserWarning: X does not have valid feature names, but LGBMRegressor was fitted with feature names
  warnings.warn(
C:\Users\User\Lab\py_repos\venv\lib\site-packages\sklearn\utils\validation.py:2739: UserWarning: X does not have valid feature names, but LGBMRegressor was fitted with feature names
  warnings.warn(
C:\Users\User\Lab\py_repos\venv\lib\site-packages\sklearn\utils\validation.py:2739: UserWarning: X does not have valid feature names, but LGBMRegressor was fitted with feature names
  warnings.warn(
C:\Users\User\Lab\py_repos\venv\lib\site-packages\sklearn\utils\validation.py:2739: UserWarning: X does not have valid feature names, but LGBMRegressor was fitted with feature names
  warnings.warn(
C:\Users\User\Lab\py_repos\venv\lib\site-packages\sklearn\utils\validation.py:2739: UserWarning: X does not have valid feature names, but LGBMRegressor was fitted with feature names
  warnings.warn(
C:\Users\User\Lab\py_repos\venv\lib\site-packages\sklearn\utils\validation.py:2739: UserWarning: X does not have valid feature names, but LGBMRegressor was fitted with feature names
  warnings.warn(
C:\Users\User\Lab\py_repos\venv\lib\site-packages\sklearn\utils\validation.py:2739: UserWarning: X does not have valid feature names, but LGBMRegressor was fitted with feature names
  warnings.warn(
C:\Users\User\Lab\py_repos\venv\lib\site-packages\sklearn\utils\validation.py:2739: UserWarning: X does not have valid feature names, but LGBMRegressor was fitted with feature names
  warnings.warn(
C:\Users\User\Lab\py_repos\venv\lib\site-packages\sklearn\utils\validation.py:2739: UserWarning: X does not have valid feature names, but LGBMRegressor was fitted with feature names
  warnings.warn(
C:\Users\User\Lab\py_repos\venv\lib\site-packages\sklearn\utils\validation.py:2739: UserWarning: X does not have valid feature names, but LGBMRegressor was fitted with feature names
  warnings.warn(
C:\Users\User\Lab\py_repos\venv\lib\site-packages\sklearn\utils\validation.py:2739: UserWarning: X does not have valid feature names, but LGBMRegressor was fitted with feature names
  warnings.warn(
C:\Users\User\Lab\py_repos\venv\lib\site-packages\sklearn\utils\validation.py:2739: UserWarning: X does not have valid feature names, but LGBMRegressor was fitted with feature names
  warnings.warn(
C:\Users\User\Lab\py_repos\venv\lib\site-packages\sklearn\utils\validation.py:2739: UserWarning: X does not have valid feature names, but LGBMRegressor was fitted with feature names
  warnings.warn(
C:\Users\User\Lab\py_repos\venv\lib\site-packages\sklearn\utils\validation.py:2739: UserWarning: X does not have valid feature names, but LGBMRegressor was fitted with feature names
  warnings.warn(
C:\Users\User\Lab\py_repos\venv\lib\site-packages\sklearn\utils\validation.py:2739: UserWarning: X does not have valid feature names, but LGBMRegressor was fitted with feature names
  warnings.warn(
C:\Users\User\Lab\py_repos\venv\lib\site-packages\sklearn\utils\validation.py:2739: UserWarning: X does not have valid feature names, but LGBMRegressor was fitted with feature names
  warnings.warn(
C:\Users\User\Lab\py_repos\venv\lib\site-packages\sklearn\utils\validation.py:2739: UserWarning: X does not have valid feature names, but LGBMRegressor was fitted with feature names
  warnings.warn(
C:\Users\User\Lab\py_repos\venv\lib\site-packages\sklearn\utils\validation.py:2739: UserWarning: X does not have valid feature names, but LGBMRegressor was fitted with feature names
  warnings.warn(
C:\Users\User\Lab\py_repos\venv\lib\site-packages\sklearn\utils\validation.py:2739: UserWarning: X does not have valid feature names, but LGBMRegressor was fitted with feature names
  warnings.warn(
C:\Users\User\Lab\py_repos\venv\lib\site-packages\sklearn\utils\validation.py:2739: UserWarning: X does not have valid feature names, but LGBMRegressor was fitted with feature names
  warnings.warn(
C:\Users\User\Lab\py_repos\venv\lib\site-packages\sklearn\utils\validation.py:2739: UserWarning: X does not have valid feature names, but LGBMRegressor was fitted with feature names
  warnings.warn(
C:\Users\User\Lab\py_repos\venv\lib\site-packages\sklearn\utils\validation.py:2739: UserWarning: X does not have valid feature names, but LGBMRegressor was fitted with feature names
  warnings.warn(
C:\Users\User\Lab\py_repos\venv\lib\site-packages\sklearn\utils\validation.py:2739: UserWarning: X does not have valid feature names, but LGBMRegressor was fitted with feature names
  warnings.warn(
C:\Users\User\Lab\py_repos\venv\lib\site-packages\sklearn\utils\validation.py:2739: UserWarning: X does not have valid feature names, but LGBMRegressor was fitted with feature names
  warnings.warn(
C:\Users\User\Lab\py_repos\venv\lib\site-packages\sklearn\utils\validation.py:2739: UserWarning: X does not have valid feature names, but LGBMRegressor was fitted with feature names
  warnings.warn(
C:\Users\User\Lab\py_repos\venv\lib\site-packages\sklearn\utils\validation.py:2739: UserWarning: X does not have valid feature names, but LGBMRegressor was fitted with feature names
  warnings.warn(
C:\Users\User\Lab\py_repos\venv\lib\site-packages\sklearn\utils\validation.py:2739: UserWarning: X does not have valid feature names, but LGBMRegressor was fitted with feature names
  warnings.warn(
C:\Users\User\Lab\py_repos\venv\lib\site-packages\sklearn\utils\validation.py:2739: UserWarning: X does not have valid feature names, but LGBMRegressor was fitted with feature names
  warnings.warn(
C:\Users\User\Lab\py_repos\venv\lib\site-packages\sklearn\utils\validation.py:2739: UserWarning: X does not have valid feature names, but LGBMRegressor was fitted with feature names
  warnings.warn(
C:\Users\User\Lab\py_repos\venv\lib\site-packages\sklearn\utils\validation.py:2739: UserWarning: X does not have valid feature names, but LGBMRegressor was fitted with feature names
  warnings.warn(
C:\Users\User\Lab\py_repos\venv\lib\site-packages\sklearn\utils\validation.py:2739: UserWarning: X does not have valid feature names, but LGBMRegressor was fitted with feature names
  warnings.warn(
C:\Users\User\Lab\py_repos\venv\lib\site-packages\sklearn\utils\validation.py:2739: UserWarning: X does not have valid feature names, but LGBMRegressor was fitted with feature names
  warnings.warn(
C:\Users\User\Lab\py_repos\venv\lib\site-packages\sklearn\utils\validation.py:2739: UserWarning: X does not have valid feature names, but LGBMRegressor was fitted with feature names
  warnings.warn(
C:\Users\User\Lab\py_repos\venv\lib\site-packages\sklearn\utils\validation.py:2739: UserWarning: X does not have valid feature names, but LGBMRegressor was fitted with feature names
  warnings.warn(
C:\Users\User\Lab\py_repos\venv\lib\site-packages\sklearn\utils\validation.py:2739: UserWarning: X does not have valid feature names, but LGBMRegressor was fitted with feature names
  warnings.warn(
C:\Users\User\Lab\py_repos\venv\lib\site-packages\sklearn\utils\validation.py:2739: UserWarning: X does not have valid feature names, but LGBMRegressor was fitted with feature names
  warnings.warn(
C:\Users\User\Lab\py_repos\venv\lib\site-packages\sklearn\utils\validation.py:2739: UserWarning: X does not have valid feature names, but LGBMRegressor was fitted with feature names
  warnings.warn(
C:\Users\User\Lab\py_repos\venv\lib\site-packages\sklearn\utils\validation.py:2739: UserWarning: X does not have valid feature names, but LGBMRegressor was fitted with feature names
  warnings.warn(
C:\Users\User\Lab\py_repos\venv\lib\site-packages\sklearn\utils\validation.py:2739: UserWarning: X does not have valid feature names, but LGBMRegressor was fitted with feature names
  warnings.warn(
C:\Users\User\Lab\py_repos\venv\lib\site-packages\sklearn\utils\validation.py:2739: UserWarning: X does not have valid feature names, but LGBMRegressor was fitted with feature names
  warnings.warn(
C:\Users\User\Lab\py_repos\venv\lib\site-packages\sklearn\utils\validation.py:2739: UserWarning: X does not have valid feature names, but LGBMRegressor was fitted with feature names
  warnings.warn(
C:\Users\User\Lab\py_repos\venv\lib\site-packages\sklearn\utils\validation.py:2739: UserWarning: X does not have valid feature names, but LGBMRegressor was fitted with feature names
  warnings.warn(
C:\Users\User\Lab\py_repos\venv\lib\site-packages\sklearn\utils\validation.py:2739: UserWarning: X does not have valid feature names, but LGBMRegressor was fitted with feature names
  warnings.warn(
C:\Users\User\Lab\py_repos\venv\lib\site-packages\sklearn\utils\validation.py:2739: UserWarning: X does not have valid feature names, but LGBMRegressor was fitted with feature names
  warnings.warn(
C:\Users\User\Lab\py_repos\venv\lib\site-packages\sklearn\utils\validation.py:2739: UserWarning: X does not have valid feature names, but LGBMRegressor was fitted with feature names
  warnings.warn(
C:\Users\User\Lab\py_repos\venv\lib\site-packages\sklearn\utils\validation.py:2739: UserWarning: X does not have valid feature names, but LGBMRegressor was fitted with feature names
  warnings.warn(
C:\Users\User\Lab\py_repos\venv\lib\site-packages\sklearn\utils\validation.py:2739: UserWarning: X does not have valid feature names, but LGBMRegressor was fitted with feature names
  warnings.warn(
C:\Users\User\Lab\py_repos\venv\lib\site-packages\sklearn\utils\validation.py:2739: UserWarning: X does not have valid feature names, but LGBMRegressor was fitted with feature names
  warnings.warn(
C:\Users\User\Lab\py_repos\venv\lib\site-packages\sklearn\utils\validation.py:2739: UserWarning: X does not have valid feature names, but LGBMRegressor was fitted with feature names
  warnings.warn(
C:\Users\User\Lab\py_repos\venv\lib\site-packages\sklearn\utils\validation.py:2739: UserWarning: X does not have valid feature names, but LGBMRegressor was fitted with feature names
  warnings.warn(
C:\Users\User\Lab\py_repos\venv\lib\site-packages\sklearn\utils\validation.py:2739: UserWarning: X does not have valid feature names, but LGBMRegressor was fitted with feature names
  warnings.warn(
C:\Users\User\Lab\py_repos\venv\lib\site-packages\sklearn\utils\validation.py:2739: UserWarning: X does not have valid feature names, but LGBMRegressor was fitted with feature names
  warnings.warn(
C:\Users\User\Lab\py_repos\venv\lib\site-packages\sklearn\utils\validation.py:2739: UserWarning: X does not have valid feature names, but LGBMRegressor was fitted with feature names
  warnings.warn(
C:\Users\User\Lab\py_repos\venv\lib\site-packages\sklearn\utils\validation.py:2739: UserWarning: X does not have valid feature names, but LGBMRegressor was fitted with feature names
  warnings.warn(
C:\Users\User\Lab\py_repos\venv\lib\site-packages\sklearn\utils\validation.py:2739: UserWarning: X does not have valid feature names, but LGBMRegressor was fitted with feature names
  warnings.warn(
C:\Users\User\Lab\py_repos\venv\lib\site-packages\sklearn\utils\validation.py:2739: UserWarning: X does not have valid feature names, but LGBMRegressor was fitted with feature names
  warnings.warn(
C:\Users\User\Lab\py_repos\venv\lib\site-packages\sklearn\utils\validation.py:2739: UserWarning: X does not have valid feature names, but LGBMRegressor was fitted with feature names
  warnings.warn(
C:\Users\User\Lab\py_repos\venv\lib\site-packages\sklearn\utils\validation.py:2739: UserWarning: X does not have valid feature names, but LGBMRegressor was fitted with feature names
  warnings.warn(
C:\Users\User\Lab\py_repos\venv\lib\site-packages\sklearn\utils\validation.py:2739: UserWarning: X does not have valid feature names, but LGBMRegressor was fitted with feature names
  warnings.warn(
C:\Users\User\Lab\py_repos\venv\lib\site-packages\sklearn\utils\validation.py:2739: UserWarning: X does not have valid feature names, but LGBMRegressor was fitted with feature names
  warnings.warn(
C:\Users\User\Lab\py_repos\venv\lib\site-packages\sklearn\utils\validation.py:2739: UserWarning: X does not have valid feature names, but LGBMRegressor was fitted with feature names
  warnings.warn(
C:\Users\User\Lab\py_repos\venv\lib\site-packages\sklearn\utils\validation.py:2739: UserWarning: X does not have valid feature names, but LGBMRegressor was fitted with feature names
  warnings.warn(
C:\Users\User\Lab\py_repos\venv\lib\site-packages\sklearn\utils\validation.py:2739: UserWarning: X does not have valid feature names, but LGBMRegressor was fitted with feature names
  warnings.warn(
C:\Users\User\Lab\py_repos\venv\lib\site-packages\sklearn\utils\validation.py:2739: UserWarning: X does not have valid feature names, but LGBMRegressor was fitted with feature names
  warnings.warn(
C:\Users\User\Lab\py_repos\venv\lib\site-packages\sklearn\utils\validation.py:2739: UserWarning: X does not have valid feature names, but LGBMRegressor was fitted with feature names
  warnings.warn(
C:\Users\User\Lab\py_repos\venv\lib\site-packages\sklearn\utils\validation.py:2739: UserWarning: X does not have valid feature names, but LGBMRegressor was fitted with feature names
  warnings.warn(
C:\Users\User\Lab\py_repos\venv\lib\site-packages\sklearn\utils\validation.py:2739: UserWarning: X does not have valid feature names, but LGBMRegressor was fitted with feature names
  warnings.warn(
C:\Users\User\Lab\py_repos\venv\lib\site-packages\sklearn\utils\validation.py:2739: UserWarning: X does not have valid feature names, but LGBMRegressor was fitted with feature names
  warnings.warn(
C:\Users\User\Lab\py_repos\venv\lib\site-packages\sklearn\utils\validation.py:2739: UserWarning: X does not have valid feature names, but LGBMRegressor was fitted with feature names
  warnings.warn(
C:\Users\User\Lab\py_repos\venv\lib\site-packages\sklearn\utils\validation.py:2739: UserWarning: X does not have valid feature names, but LGBMRegressor was fitted with feature names
  warnings.warn(
C:\Users\User\Lab\py_repos\venv\lib\site-packages\sklearn\utils\validation.py:2739: UserWarning: X does not have valid feature names, but LGBMRegressor was fitted with feature names
  warnings.warn(
C:\Users\User\Lab\py_repos\venv\lib\site-packages\sklearn\utils\validation.py:2739: UserWarning: X does not have valid feature names, but LGBMRegressor was fitted with feature names
  warnings.warn(
C:\Users\User\Lab\py_repos\venv\lib\site-packages\sklearn\utils\validation.py:2739: UserWarning: X does not have valid feature names, but LGBMRegressor was fitted with feature names
  warnings.warn(
C:\Users\User\Lab\py_repos\venv\lib\site-packages\sklearn\utils\validation.py:2739: UserWarning: X does not have valid feature names, but LGBMRegressor was fitted with feature names
  warnings.warn(
C:\Users\User\Lab\py_repos\venv\lib\site-packages\sklearn\utils\validation.py:2739: UserWarning: X does not have valid feature names, but LGBMRegressor was fitted with feature names
  warnings.warn(
C:\Users\User\Lab\py_repos\venv\lib\site-packages\sklearn\utils\validation.py:2739: UserWarning: X does not have valid feature names, but LGBMRegressor was fitted with feature names
  warnings.warn(
C:\Users\User\Lab\py_repos\venv\lib\site-packages\sklearn\utils\validation.py:2739: UserWarning: X does not have valid feature names, but LGBMRegressor was fitted with feature names
  warnings.warn(
C:\Users\User\Lab\py_repos\venv\lib\site-packages\sklearn\utils\validation.py:2739: UserWarning: X does not have valid feature names, but LGBMRegressor was fitted with feature names
  warnings.warn(
C:\Users\User\Lab\py_repos\venv\lib\site-packages\sklearn\utils\validation.py:2739: UserWarning: X does not have valid feature names, but LGBMRegressor was fitted with feature names
  warnings.warn(
C:\Users\User\Lab\py_repos\venv\lib\site-packages\sklearn\utils\validation.py:2739: UserWarning: X does not have valid feature names, but LGBMRegressor was fitted with feature names
  warnings.warn(
C:\Users\User\Lab\py_repos\venv\lib\site-packages\sklearn\utils\validation.py:2739: UserWarning: X does not have valid feature names, but LGBMRegressor was fitted with feature names
  warnings.warn(
C:\Users\User\Lab\py_repos\venv\lib\site-packages\sklearn\utils\validation.py:2739: UserWarning: X does not have valid feature names, but LGBMRegressor was fitted with feature names
  warnings.warn(
C:\Users\User\Lab\py_repos\venv\lib\site-packages\sklearn\utils\validation.py:2739: UserWarning: X does not have valid feature names, but LGBMRegressor was fitted with feature names
  warnings.warn(
C:\Users\User\Lab\py_repos\venv\lib\site-packages\sklearn\utils\validation.py:2739: UserWarning: X does not have valid feature names, but LGBMRegressor was fitted with feature names
  warnings.warn(
C:\Users\User\Lab\py_repos\venv\lib\site-packages\sklearn\utils\validation.py:2739: UserWarning: X does not have valid feature names, but LGBMRegressor was fitted with feature names
  warnings.warn(
C:\Users\User\Lab\py_repos\venv\lib\site-packages\sklearn\utils\validation.py:2739: UserWarning: X does not have valid feature names, but LGBMRegressor was fitted with feature names
  warnings.warn(
C:\Users\User\Lab\py_repos\venv\lib\site-packages\sklearn\utils\validation.py:2739: UserWarning: X does not have valid feature names, but LGBMRegressor was fitted with feature names
  warnings.warn(
C:\Users\User\Lab\py_repos\venv\lib\site-packages\sklearn\utils\validation.py:2739: UserWarning: X does not have valid feature names, but LGBMRegressor was fitted with feature names
  warnings.warn(
C:\Users\User\Lab\py_repos\venv\lib\site-packages\sklearn\utils\validation.py:2739: UserWarning: X does not have valid feature names, but LGBMRegressor was fitted with feature names
  warnings.warn(
C:\Users\User\Lab\py_repos\venv\lib\site-packages\sklearn\utils\validation.py:2739: UserWarning: X does not have valid feature names, but LGBMRegressor was fitted with feature names
  warnings.warn(
C:\Users\User\Lab\py_repos\venv\lib\site-packages\sklearn\utils\validation.py:2739: UserWarning: X does not have valid feature names, but LGBMRegressor was fitted with feature names
  warnings.warn(
C:\Users\User\Lab\py_repos\venv\lib\site-packages\sklearn\utils\validation.py:2739: UserWarning: X does not have valid feature names, but LGBMRegressor was fitted with feature names
  warnings.warn(
C:\Users\User\Lab\py_repos\venv\lib\site-packages\sklearn\utils\validation.py:2739: UserWarning: X does not have valid feature names, but LGBMRegressor was fitted with feature names
  warnings.warn(
C:\Users\User\Lab\py_repos\venv\lib\site-packages\sklearn\utils\validation.py:2739: UserWarning: X does not have valid feature names, but LGBMRegressor was fitted with feature names
  warnings.warn(
C:\Users\User\Lab\py_repos\venv\lib\site-packages\sklearn\utils\validation.py:2739: UserWarning: X does not have valid feature names, but LGBMRegressor was fitted with feature names
  warnings.warn(
C:\Users\User\Lab\py_repos\venv\lib\site-packages\sklearn\utils\validation.py:2739: UserWarning: X does not have valid feature names, but LGBMRegressor was fitted with feature names
  warnings.warn(
C:\Users\User\Lab\py_repos\venv\lib\site-packages\sklearn\utils\validation.py:2739: UserWarning: X does not have valid feature names, but LGBMRegressor was fitted with feature names
  warnings.warn(
C:\Users\User\Lab\py_repos\venv\lib\site-packages\sklearn\utils\validation.py:2739: UserWarning: X does not have valid feature names, but LGBMRegressor was fitted with feature names
  warnings.warn(
C:\Users\User\Lab\py_repos\venv\lib\site-packages\sklearn\utils\validation.py:2739: UserWarning: X does not have valid feature names, but LGBMRegressor was fitted with feature names
  warnings.warn(
C:\Users\User\Lab\py_repos\venv\lib\site-packages\sklearn\utils\validation.py:2739: UserWarning: X does not have valid feature names, but LGBMRegressor was fitted with feature names
  warnings.warn(
C:\Users\User\Lab\py_repos\venv\lib\site-packages\sklearn\utils\validation.py:2739: UserWarning: X does not have valid feature names, but LGBMRegressor was fitted with feature names
  warnings.warn(
C:\Users\User\Lab\py_repos\venv\lib\site-packages\sklearn\utils\validation.py:2739: UserWarning: X does not have valid feature names, but LGBMRegressor was fitted with feature names
  warnings.warn(
C:\Users\User\Lab\py_repos\venv\lib\site-packages\sklearn\utils\validation.py:2739: UserWarning: X does not have valid feature names, but LGBMRegressor was fitted with feature names
  warnings.warn(
C:\Users\User\Lab\py_repos\venv\lib\site-packages\sklearn\utils\validation.py:2739: UserWarning: X does not have valid feature names, but LGBMRegressor was fitted with feature names
  warnings.warn(
C:\Users\User\Lab\py_repos\venv\lib\site-packages\sklearn\utils\validation.py:2739: UserWarning: X does not have valid feature names, but LGBMRegressor was fitted with feature names
  warnings.warn(
C:\Users\User\Lab\py_repos\venv\lib\site-packages\sklearn\utils\validation.py:2739: UserWarning: X does not have valid feature names, but LGBMRegressor was fitted with feature names
  warnings.warn(
C:\Users\User\Lab\py_repos\venv\lib\site-packages\sklearn\utils\validation.py:2739: UserWarning: X does not have valid feature names, but LGBMRegressor was fitted with feature names
  warnings.warn(
C:\Users\User\Lab\py_repos\venv\lib\site-packages\sklearn\utils\validation.py:2739: UserWarning: X does not have valid feature names, but LGBMRegressor was fitted with feature names
  warnings.warn(
C:\Users\User\Lab\py_repos\venv\lib\site-packages\sklearn\utils\validation.py:2739: UserWarning: X does not have valid feature names, but LGBMRegressor was fitted with feature names
  warnings.warn(
C:\Users\User\Lab\py_repos\venv\lib\site-packages\sklearn\utils\validation.py:2739: UserWarning: X does not have valid feature names, but LGBMRegressor was fitted with feature names
  warnings.warn(
C:\Users\User\Lab\py_repos\venv\lib\site-packages\sklearn\utils\validation.py:2739: UserWarning: X does not have valid feature names, but LGBMRegressor was fitted with feature names
  warnings.warn(
C:\Users\User\Lab\py_repos\venv\lib\site-packages\sklearn\utils\validation.py:2739: UserWarning: X does not have valid feature names, but LGBMRegressor was fitted with feature names
  warnings.warn(
C:\Users\User\Lab\py_repos\venv\lib\site-packages\sklearn\utils\validation.py:2739: UserWarning: X does not have valid feature names, but LGBMRegressor was fitted with feature names
  warnings.warn(
C:\Users\User\Lab\py_repos\venv\lib\site-packages\sklearn\utils\validation.py:2739: UserWarning: X does not have valid feature names, but LGBMRegressor was fitted with feature names
  warnings.warn(
C:\Users\User\Lab\py_repos\venv\lib\site-packages\sklearn\utils\validation.py:2739: UserWarning: X does not have valid feature names, but LGBMRegressor was fitted with feature names
  warnings.warn(
C:\Users\User\Lab\py_repos\venv\lib\site-packages\sklearn\utils\validation.py:2739: UserWarning: X does not have valid feature names, but LGBMRegressor was fitted with feature names
  warnings.warn(
C:\Users\User\Lab\py_repos\venv\lib\site-packages\sklearn\utils\validation.py:2739: UserWarning: X does not have valid feature names, but LGBMRegressor was fitted with feature names
  warnings.warn(
C:\Users\User\Lab\py_repos\venv\lib\site-packages\sklearn\utils\validation.py:2739: UserWarning: X does not have valid feature names, but LGBMRegressor was fitted with feature names
  warnings.warn(
C:\Users\User\Lab\py_repos\venv\lib\site-packages\sklearn\utils\validation.py:2739: UserWarning: X does not have valid feature names, but LGBMRegressor was fitted with feature names
  warnings.warn(
C:\Users\User\Lab\py_repos\venv\lib\site-packages\sklearn\utils\validation.py:2739: UserWarning: X does not have valid feature names, but LGBMRegressor was fitted with feature names
  warnings.warn(
C:\Users\User\Lab\py_repos\venv\lib\site-packages\sklearn\utils\validation.py:2739: UserWarning: X does not have valid feature names, but LGBMRegressor was fitted with feature names
  warnings.warn(
C:\Users\User\Lab\py_repos\venv\lib\site-packages\sklearn\utils\validation.py:2739: UserWarning: X does not have valid feature names, but LGBMRegressor was fitted with feature names
  warnings.warn(
C:\Users\User\Lab\py_repos\venv\lib\site-packages\sklearn\utils\validation.py:2739: UserWarning: X does not have valid feature names, but LGBMRegressor was fitted with feature names
  warnings.warn(
C:\Users\User\Lab\py_repos\venv\lib\site-packages\sklearn\utils\validation.py:2739: UserWarning: X does not have valid feature names, but LGBMRegressor was fitted with feature names
  warnings.warn(
C:\Users\User\Lab\py_repos\venv\lib\site-packages\sklearn\utils\validation.py:2739: UserWarning: X does not have valid feature names, but LGBMRegressor was fitted with feature names
  warnings.warn(
C:\Users\User\Lab\py_repos\venv\lib\site-packages\sklearn\utils\validation.py:2739: UserWarning: X does not have valid feature names, but LGBMRegressor was fitted with feature names
  warnings.warn(
C:\Users\User\Lab\py_repos\venv\lib\site-packages\sklearn\utils\validation.py:2739: UserWarning: X does not have valid feature names, but LGBMRegressor was fitted with feature names
  warnings.warn(
C:\Users\User\Lab\py_repos\venv\lib\site-packages\sklearn\utils\validation.py:2739: UserWarning: X does not have valid feature names, but LGBMRegressor was fitted with feature names
  warnings.warn(
C:\Users\User\Lab\py_repos\venv\lib\site-packages\sklearn\utils\validation.py:2739: UserWarning: X does not have valid feature names, but LGBMRegressor was fitted with feature names
  warnings.warn(
C:\Users\User\Lab\py_repos\venv\lib\site-packages\sklearn\utils\validation.py:2739: UserWarning: X does not have valid feature names, but LGBMRegressor was fitted with feature names
  warnings.warn(
C:\Users\User\Lab\py_repos\venv\lib\site-packages\sklearn\utils\validation.py:2739: UserWarning: X does not have valid feature names, but LGBMRegressor was fitted with feature names
  warnings.warn(
C:\Users\User\Lab\py_repos\venv\lib\site-packages\sklearn\utils\validation.py:2739: UserWarning: X does not have valid feature names, but LGBMRegressor was fitted with feature names
  warnings.warn(
C:\Users\User\Lab\py_repos\venv\lib\site-packages\sklearn\utils\validation.py:2739: UserWarning: X does not have valid feature names, but LGBMRegressor was fitted with feature names
  warnings.warn(
C:\Users\User\Lab\py_repos\venv\lib\site-packages\sklearn\utils\validation.py:2739: UserWarning: X does not have valid feature names, but LGBMRegressor was fitted with feature names
  warnings.warn(
C:\Users\User\Lab\py_repos\venv\lib\site-packages\sklearn\utils\validation.py:2739: UserWarning: X does not have valid feature names, but LGBMRegressor was fitted with feature names
  warnings.warn(
C:\Users\User\Lab\py_repos\venv\lib\site-packages\sklearn\utils\validation.py:2739: UserWarning: X does not have valid feature names, but LGBMRegressor was fitted with feature names
  warnings.warn(
C:\Users\User\Lab\py_repos\venv\lib\site-packages\sklearn\utils\validation.py:2739: UserWarning: X does not have valid feature names, but LGBMRegressor was fitted with feature names
  warnings.warn(
C:\Users\User\Lab\py_repos\venv\lib\site-packages\sklearn\utils\validation.py:2739: UserWarning: X does not have valid feature names, but LGBMRegressor was fitted with feature names
  warnings.warn(
C:\Users\User\Lab\py_repos\venv\lib\site-packages\sklearn\utils\validation.py:2739: UserWarning: X does not have valid feature names, but LGBMRegressor was fitted with feature names
  warnings.warn(
C:\Users\User\Lab\py_repos\venv\lib\site-packages\sklearn\utils\validation.py:2739: UserWarning: X does not have valid feature names, but LGBMRegressor was fitted with feature names
  warnings.warn(
C:\Users\User\Lab\py_repos\venv\lib\site-packages\sklearn\utils\validation.py:2739: UserWarning: X does not have valid feature names, but LGBMRegressor was fitted with feature names
  warnings.warn(
C:\Users\User\Lab\py_repos\venv\lib\site-packages\sklearn\utils\validation.py:2739: UserWarning: X does not have valid feature names, but LGBMRegressor was fitted with feature names
  warnings.warn(
C:\Users\User\Lab\py_repos\venv\lib\site-packages\sklearn\utils\validation.py:2739: UserWarning: X does not have valid feature names, but LGBMRegressor was fitted with feature names
  warnings.warn(
C:\Users\User\Lab\py_repos\venv\lib\site-packages\sklearn\utils\validation.py:2739: UserWarning: X does not have valid feature names, but LGBMRegressor was fitted with feature names
  warnings.warn(
C:\Users\User\Lab\py_repos\venv\lib\site-packages\sklearn\utils\validation.py:2739: UserWarning: X does not have valid feature names, but LGBMRegressor was fitted with feature names
  warnings.warn(
C:\Users\User\Lab\py_repos\venv\lib\site-packages\sklearn\utils\validation.py:2739: UserWarning: X does not have valid feature names, but LGBMRegressor was fitted with feature names
  warnings.warn(
C:\Users\User\Lab\py_repos\venv\lib\site-packages\sklearn\utils\validation.py:2739: UserWarning: X does not have valid feature names, but LGBMRegressor was fitted with feature names
  warnings.warn(
C:\Users\User\Lab\py_repos\venv\lib\site-packages\sklearn\utils\validation.py:2739: UserWarning: X does not have valid feature names, but LGBMRegressor was fitted with feature names
  warnings.warn(
C:\Users\User\Lab\py_repos\venv\lib\site-packages\sklearn\utils\validation.py:2739: UserWarning: X does not have valid feature names, but LGBMRegressor was fitted with feature names
  warnings.warn(
C:\Users\User\Lab\py_repos\venv\lib\site-packages\sklearn\utils\validation.py:2739: UserWarning: X does not have valid feature names, but LGBMRegressor was fitted with feature names
  warnings.warn(
C:\Users\User\Lab\py_repos\venv\lib\site-packages\sklearn\utils\validation.py:2739: UserWarning: X does not have valid feature names, but LGBMRegressor was fitted with feature names
  warnings.warn(
C:\Users\User\Lab\py_repos\venv\lib\site-packages\sklearn\utils\validation.py:2739: UserWarning: X does not have valid feature names, but LGBMRegressor was fitted with feature names
  warnings.warn(
C:\Users\User\Lab\py_repos\venv\lib\site-packages\sklearn\utils\validation.py:2739: UserWarning: X does not have valid feature names, but LGBMRegressor was fitted with feature names
  warnings.warn(
C:\Users\User\Lab\py_repos\venv\lib\site-packages\sklearn\utils\validation.py:2739: UserWarning: X does not have valid feature names, but LGBMRegressor was fitted with feature names
  warnings.warn(
C:\Users\User\Lab\py_repos\venv\lib\site-packages\sklearn\utils\validation.py:2739: UserWarning: X does not have valid feature names, but LGBMRegressor was fitted with feature names
  warnings.warn(
C:\Users\User\Lab\py_repos\venv\lib\site-packages\sklearn\utils\validation.py:2739: UserWarning: X does not have valid feature names, but LGBMRegressor was fitted with feature names
  warnings.warn(
C:\Users\User\Lab\py_repos\venv\lib\site-packages\sklearn\utils\validation.py:2739: UserWarning: X does not have valid feature names, but LGBMRegressor was fitted with feature names
  warnings.warn(
C:\Users\User\Lab\py_repos\venv\lib\site-packages\sklearn\utils\validation.py:2739: UserWarning: X does not have valid feature names, but LGBMRegressor was fitted with feature names
  warnings.warn(
C:\Users\User\Lab\py_repos\venv\lib\site-packages\sklearn\utils\validation.py:2739: UserWarning: X does not have valid feature names, but LGBMRegressor was fitted with feature names
  warnings.warn(
C:\Users\User\Lab\py_repos\venv\lib\site-packages\sklearn\utils\validation.py:2739: UserWarning: X does not have valid feature names, but LGBMRegressor was fitted with feature names
  warnings.warn(
C:\Users\User\Lab\py_repos\venv\lib\site-packages\sklearn\utils\validation.py:2739: UserWarning: X does not have valid feature names, but LGBMRegressor was fitted with feature names
  warnings.warn(
C:\Users\User\Lab\py_repos\venv\lib\site-packages\sklearn\utils\validation.py:2739: UserWarning: X does not have valid feature names, but LGBMRegressor was fitted with feature names
  warnings.warn(
C:\Users\User\Lab\py_repos\venv\lib\site-packages\sklearn\utils\validation.py:2739: UserWarning: X does not have valid feature names, but LGBMRegressor was fitted with feature names
  warnings.warn(
C:\Users\User\Lab\py_repos\venv\lib\site-packages\sklearn\utils\validation.py:2739: UserWarning: X does not have valid feature names, but LGBMRegressor was fitted with feature names
  warnings.warn(
C:\Users\User\Lab\py_repos\venv\lib\site-packages\sklearn\utils\validation.py:2739: UserWarning: X does not have valid feature names, but LGBMRegressor was fitted with feature names
  warnings.warn(
C:\Users\User\Lab\py_repos\venv\lib\site-packages\sklearn\utils\validation.py:2739: UserWarning: X does not have valid feature names, but LGBMRegressor was fitted with feature names
  warnings.warn(
C:\Users\User\Lab\py_repos\venv\lib\site-packages\sklearn\utils\validation.py:2739: UserWarning: X does not have valid feature names, but LGBMRegressor was fitted with feature names
  warnings.warn(
C:\Users\User\Lab\py_repos\venv\lib\site-packages\sklearn\utils\validation.py:2739: UserWarning: X does not have valid feature names, but LGBMRegressor was fitted with feature names
  warnings.warn(
C:\Users\User\Lab\py_repos\venv\lib\site-packages\sklearn\utils\validation.py:2739: UserWarning: X does not have valid feature names, but LGBMRegressor was fitted with feature names
  warnings.warn(
C:\Users\User\Lab\py_repos\venv\lib\site-packages\sklearn\utils\validation.py:2739: UserWarning: X does not have valid feature names, but LGBMRegressor was fitted with feature names
  warnings.warn(
C:\Users\User\Lab\py_repos\venv\lib\site-packages\sklearn\utils\validation.py:2739: UserWarning: X does not have valid feature names, but LGBMRegressor was fitted with feature names
  warnings.warn(
C:\Users\User\Lab\py_repos\venv\lib\site-packages\sklearn\utils\validation.py:2739: UserWarning: X does not have valid feature names, but LGBMRegressor was fitted with feature names
  warnings.warn(
C:\Users\User\Lab\py_repos\venv\lib\site-packages\sklearn\utils\validation.py:2739: UserWarning: X does not have valid feature names, but LGBMRegressor was fitted with feature names
  warnings.warn(
C:\Users\User\Lab\py_repos\venv\lib\site-packages\sklearn\utils\validation.py:2739: UserWarning: X does not have valid feature names, but LGBMRegressor was fitted with feature names
  warnings.warn(
C:\Users\User\Lab\py_repos\venv\lib\site-packages\sklearn\utils\validation.py:2739: UserWarning: X does not have valid feature names, but LGBMRegressor was fitted with feature names
  warnings.warn(
C:\Users\User\Lab\py_repos\venv\lib\site-packages\sklearn\utils\validation.py:2739: UserWarning: X does not have valid feature names, but LGBMRegressor was fitted with feature names
  warnings.warn(
C:\Users\User\Lab\py_repos\venv\lib\site-packages\sklearn\utils\validation.py:2739: UserWarning: X does not have valid feature names, but LGBMRegressor was fitted with feature names
  warnings.warn(
C:\Users\User\Lab\py_repos\venv\lib\site-packages\sklearn\utils\validation.py:2739: UserWarning: X does not have valid feature names, but LGBMRegressor was fitted with feature names
  warnings.warn(
C:\Users\User\Lab\py_repos\venv\lib\site-packages\sklearn\utils\validation.py:2739: UserWarning: X does not have valid feature names, but LGBMRegressor was fitted with feature names
  warnings.warn(
C:\Users\User\Lab\py_repos\venv\lib\site-packages\sklearn\utils\validation.py:2739: UserWarning: X does not have valid feature names, but LGBMRegressor was fitted with feature names
  warnings.warn(
C:\Users\User\Lab\py_repos\venv\lib\site-packages\sklearn\utils\validation.py:2739: UserWarning: X does not have valid feature names, but LGBMRegressor was fitted with feature names
  warnings.warn(
C:\Users\User\Lab\py_repos\venv\lib\site-packages\sklearn\utils\validation.py:2739: UserWarning: X does not have valid feature names, but LGBMRegressor was fitted with feature names
  warnings.warn(
C:\Users\User\Lab\py_repos\venv\lib\site-packages\sklearn\utils\validation.py:2739: UserWarning: X does not have valid feature names, but LGBMRegressor was fitted with feature names
  warnings.warn(
C:\Users\User\Lab\py_repos\venv\lib\site-packages\sklearn\utils\validation.py:2739: UserWarning: X does not have valid feature names, but LGBMRegressor was fitted with feature names
  warnings.warn(
C:\Users\User\Lab\py_repos\venv\lib\site-packages\sklearn\utils\validation.py:2739: UserWarning: X does not have valid feature names, but LGBMRegressor was fitted with feature names
  warnings.warn(
C:\Users\User\Lab\py_repos\venv\lib\site-packages\sklearn\utils\validation.py:2739: UserWarning: X does not have valid feature names, but LGBMRegressor was fitted with feature names
  warnings.warn(
C:\Users\User\Lab\py_repos\venv\lib\site-packages\sklearn\utils\validation.py:2739: UserWarning: X does not have valid feature names, but LGBMRegressor was fitted with feature names
  warnings.warn(
C:\Users\User\Lab\py_repos\venv\lib\site-packages\sklearn\utils\validation.py:2739: UserWarning: X does not have valid feature names, but LGBMRegressor was fitted with feature names
  warnings.warn(
C:\Users\User\Lab\py_repos\venv\lib\site-packages\sklearn\utils\validation.py:2739: UserWarning: X does not have valid feature names, but LGBMRegressor was fitted with feature names
  warnings.warn(
C:\Users\User\Lab\py_repos\venv\lib\site-packages\sklearn\utils\validation.py:2739: UserWarning: X does not have valid feature names, but LGBMRegressor was fitted with feature names
  warnings.warn(
C:\Users\User\Lab\py_repos\venv\lib\site-packages\sklearn\utils\validation.py:2739: UserWarning: X does not have valid feature names, but LGBMRegressor was fitted with feature names
  warnings.warn(
C:\Users\User\Lab\py_repos\venv\lib\site-packages\sklearn\utils\validation.py:2739: UserWarning: X does not have valid feature names, but LGBMRegressor was fitted with feature names
  warnings.warn(
C:\Users\User\Lab\py_repos\venv\lib\site-packages\sklearn\utils\validation.py:2739: UserWarning: X does not have valid feature names, but LGBMRegressor was fitted with feature names
  warnings.warn(
C:\Users\User\Lab\py_repos\venv\lib\site-packages\sklearn\utils\validation.py:2739: UserWarning: X does not have valid feature names, but LGBMRegressor was fitted with feature names
  warnings.warn(
C:\Users\User\Lab\py_repos\venv\lib\site-packages\sklearn\utils\validation.py:2739: UserWarning: X does not have valid feature names, but LGBMRegressor was fitted with feature names
  warnings.warn(
C:\Users\User\Lab\py_repos\venv\lib\site-packages\sklearn\utils\validation.py:2739: UserWarning: X does not have valid feature names, but LGBMRegressor was fitted with feature names
  warnings.warn(
C:\Users\User\Lab\py_repos\venv\lib\site-packages\sklearn\utils\validation.py:2739: UserWarning: X does not have valid feature names, but LGBMRegressor was fitted with feature names
  warnings.warn(
C:\Users\User\Lab\py_repos\venv\lib\site-packages\sklearn\utils\validation.py:2739: UserWarning: X does not have valid feature names, but LGBMRegressor was fitted with feature names
  warnings.warn(
C:\Users\User\Lab\py_repos\venv\lib\site-packages\sklearn\utils\validation.py:2739: UserWarning: X does not have valid feature names, but LGBMRegressor was fitted with feature names
  warnings.warn(
C:\Users\User\Lab\py_repos\venv\lib\site-packages\sklearn\utils\validation.py:2739: UserWarning: X does not have valid feature names, but LGBMRegressor was fitted with feature names
  warnings.warn(
C:\Users\User\Lab\py_repos\venv\lib\site-packages\sklearn\utils\validation.py:2739: UserWarning: X does not have valid feature names, but LGBMRegressor was fitted with feature names
  warnings.warn(
C:\Users\User\Lab\py_repos\venv\lib\site-packages\sklearn\utils\validation.py:2739: UserWarning: X does not have valid feature names, but LGBMRegressor was fitted with feature names
  warnings.warn(
C:\Users\User\Lab\py_repos\venv\lib\site-packages\sklearn\utils\validation.py:2739: UserWarning: X does not have valid feature names, but LGBMRegressor was fitted with feature names
  warnings.warn(
C:\Users\User\Lab\py_repos\venv\lib\site-packages\sklearn\utils\validation.py:2739: UserWarning: X does not have valid feature names, but LGBMRegressor was fitted with feature names
  warnings.warn(
C:\Users\User\Lab\py_repos\venv\lib\site-packages\sklearn\utils\validation.py:2739: UserWarning: X does not have valid feature names, but LGBMRegressor was fitted with feature names
  warnings.warn(
C:\Users\User\Lab\py_repos\venv\lib\site-packages\sklearn\utils\validation.py:2739: UserWarning: X does not have valid feature names, but LGBMRegressor was fitted with feature names
  warnings.warn(
C:\Users\User\Lab\py_repos\venv\lib\site-packages\sklearn\utils\validation.py:2739: UserWarning: X does not have valid feature names, but LGBMRegressor was fitted with feature names
  warnings.warn(
C:\Users\User\Lab\py_repos\venv\lib\site-packages\sklearn\utils\validation.py:2739: UserWarning: X does not have valid feature names, but LGBMRegressor was fitted with feature names
  warnings.warn(
C:\Users\User\Lab\py_repos\venv\lib\site-packages\sklearn\utils\validation.py:2739: UserWarning: X does not have valid feature names, but LGBMRegressor was fitted with feature names
  warnings.warn(
C:\Users\User\Lab\py_repos\venv\lib\site-packages\sklearn\utils\validation.py:2739: UserWarning: X does not have valid feature names, but LGBMRegressor was fitted with feature names
  warnings.warn(
C:\Users\User\Lab\py_repos\venv\lib\site-packages\sklearn\utils\validation.py:2739: UserWarning: X does not have valid feature names, but LGBMRegressor was fitted with feature names
  warnings.warn(
C:\Users\User\Lab\py_repos\venv\lib\site-packages\sklearn\utils\validation.py:2739: UserWarning: X does not have valid feature names, but LGBMRegressor was fitted with feature names
  warnings.warn(
C:\Users\User\Lab\py_repos\venv\lib\site-packages\sklearn\utils\validation.py:2739: UserWarning: X does not have valid feature names, but LGBMRegressor was fitted with feature names
  warnings.warn(
C:\Users\User\Lab\py_repos\venv\lib\site-packages\sklearn\utils\validation.py:2739: UserWarning: X does not have valid feature names, but LGBMRegressor was fitted with feature names
  warnings.warn(
C:\Users\User\Lab\py_repos\venv\lib\site-packages\sklearn\utils\validation.py:2739: UserWarning: X does not have valid feature names, but LGBMRegressor was fitted with feature names
  warnings.warn(
C:\Users\User\Lab\py_repos\venv\lib\site-packages\sklearn\utils\validation.py:2739: UserWarning: X does not have valid feature names, but LGBMRegressor was fitted with feature names
  warnings.warn(
C:\Users\User\Lab\py_repos\venv\lib\site-packages\sklearn\utils\validation.py:2739: UserWarning: X does not have valid feature names, but LGBMRegressor was fitted with feature names
  warnings.warn(
C:\Users\User\Lab\py_repos\venv\lib\site-packages\sklearn\utils\validation.py:2739: UserWarning: X does not have valid feature names, but LGBMRegressor was fitted with feature names
  warnings.warn(
C:\Users\User\Lab\py_repos\venv\lib\site-packages\sklearn\utils\validation.py:2739: UserWarning: X does not have valid feature names, but LGBMRegressor was fitted with feature names
  warnings.warn(
C:\Users\User\Lab\py_repos\venv\lib\site-packages\sklearn\utils\validation.py:2739: UserWarning: X does not have valid feature names, but LGBMRegressor was fitted with feature names
  warnings.warn(
C:\Users\User\Lab\py_repos\venv\lib\site-packages\sklearn\utils\validation.py:2739: UserWarning: X does not have valid feature names, but LGBMRegressor was fitted with feature names
  warnings.warn(
C:\Users\User\Lab\py_repos\venv\lib\site-packages\sklearn\utils\validation.py:2739: UserWarning: X does not have valid feature names, but LGBMRegressor was fitted with feature names
  warnings.warn(
C:\Users\User\Lab\py_repos\venv\lib\site-packages\sklearn\utils\validation.py:2739: UserWarning: X does not have valid feature names, but LGBMRegressor was fitted with feature names
  warnings.warn(
C:\Users\User\Lab\py_repos\venv\lib\site-packages\sklearn\utils\validation.py:2739: UserWarning: X does not have valid feature names, but LGBMRegressor was fitted with feature names
  warnings.warn(
C:\Users\User\Lab\py_repos\venv\lib\site-packages\sklearn\utils\validation.py:2739: UserWarning: X does not have valid feature names, but LGBMRegressor was fitted with feature names
  warnings.warn(
C:\Users\User\Lab\py_repos\venv\lib\site-packages\sklearn\utils\validation.py:2739: UserWarning: X does not have valid feature names, but LGBMRegressor was fitted with feature names
  warnings.warn(
C:\Users\User\Lab\py_repos\venv\lib\site-packages\sklearn\utils\validation.py:2739: UserWarning: X does not have valid feature names, but LGBMRegressor was fitted with feature names
  warnings.warn(
C:\Users\User\Lab\py_repos\venv\lib\site-packages\sklearn\utils\validation.py:2739: UserWarning: X does not have valid feature names, but LGBMRegressor was fitted with feature names
  warnings.warn(
C:\Users\User\Lab\py_repos\venv\lib\site-packages\sklearn\utils\validation.py:2739: UserWarning: X does not have valid feature names, but LGBMRegressor was fitted with feature names
  warnings.warn(
C:\Users\User\Lab\py_repos\venv\lib\site-packages\sklearn\utils\validation.py:2739: UserWarning: X does not have valid feature names, but LGBMRegressor was fitted with feature names
  warnings.warn(
C:\Users\User\Lab\py_repos\venv\lib\site-packages\sklearn\utils\validation.py:2739: UserWarning: X does not have valid feature names, but LGBMRegressor was fitted with feature names
  warnings.warn(
C:\Users\User\Lab\py_repos\venv\lib\site-packages\sklearn\utils\validation.py:2739: UserWarning: X does not have valid feature names, but LGBMRegressor was fitted with feature names
  warnings.warn(
C:\Users\User\Lab\py_repos\venv\lib\site-packages\sklearn\utils\validation.py:2739: UserWarning: X does not have valid feature names, but LGBMRegressor was fitted with feature names
  warnings.warn(
C:\Users\User\Lab\py_repos\venv\lib\site-packages\sklearn\utils\validation.py:2739: UserWarning: X does not have valid feature names, but LGBMRegressor was fitted with feature names
  warnings.warn(
C:\Users\User\Lab\py_repos\venv\lib\site-packages\sklearn\utils\validation.py:2739: UserWarning: X does not have valid feature names, but LGBMRegressor was fitted with feature names
  warnings.warn(
C:\Users\User\Lab\py_repos\venv\lib\site-packages\sklearn\utils\validation.py:2739: UserWarning: X does not have valid feature names, but LGBMRegressor was fitted with feature names
  warnings.warn(
C:\Users\User\Lab\py_repos\venv\lib\site-packages\sklearn\utils\validation.py:2739: UserWarning: X does not have valid feature names, but LGBMRegressor was fitted with feature names
  warnings.warn(
C:\Users\User\Lab\py_repos\venv\lib\site-packages\sklearn\utils\validation.py:2739: UserWarning: X does not have valid feature names, but LGBMRegressor was fitted with feature names
  warnings.warn(
C:\Users\User\Lab\py_repos\venv\lib\site-packages\sklearn\utils\validation.py:2739: UserWarning: X does not have valid feature names, but LGBMRegressor was fitted with feature names
  warnings.warn(
C:\Users\User\Lab\py_repos\venv\lib\site-packages\sklearn\utils\validation.py:2739: UserWarning: X does not have valid feature names, but LGBMRegressor was fitted with feature names
  warnings.warn(
C:\Users\User\Lab\py_repos\venv\lib\site-packages\sklearn\utils\validation.py:2739: UserWarning: X does not have valid feature names, but LGBMRegressor was fitted with feature names
  warnings.warn(
C:\Users\User\Lab\py_repos\venv\lib\site-packages\sklearn\utils\validation.py:2739: UserWarning: X does not have valid feature names, but LGBMRegressor was fitted with feature names
  warnings.warn(
C:\Users\User\Lab\py_repos\venv\lib\site-packages\sklearn\utils\validation.py:2739: UserWarning: X does not have valid feature names, but LGBMRegressor was fitted with feature names
  warnings.warn(
C:\Users\User\Lab\py_repos\venv\lib\site-packages\sklearn\utils\validation.py:2739: UserWarning: X does not have valid feature names, but LGBMRegressor was fitted with feature names
  warnings.warn(
C:\Users\User\Lab\py_repos\venv\lib\site-packages\sklearn\utils\validation.py:2739: UserWarning: X does not have valid feature names, but LGBMRegressor was fitted with feature names
  warnings.warn(
C:\Users\User\Lab\py_repos\venv\lib\site-packages\sklearn\utils\validation.py:2739: UserWarning: X does not have valid feature names, but LGBMRegressor was fitted with feature names
  warnings.warn(
C:\Users\User\Lab\py_repos\venv\lib\site-packages\sklearn\utils\validation.py:2739: UserWarning: X does not have valid feature names, but LGBMRegressor was fitted with feature names
  warnings.warn(
C:\Users\User\Lab\py_repos\venv\lib\site-packages\sklearn\utils\validation.py:2739: UserWarning: X does not have valid feature names, but LGBMRegressor was fitted with feature names
  warnings.warn(
C:\Users\User\Lab\py_repos\venv\lib\site-packages\sklearn\utils\validation.py:2739: UserWarning: X does not have valid feature names, but LGBMRegressor was fitted with feature names
  warnings.warn(
C:\Users\User\Lab\py_repos\venv\lib\site-packages\sklearn\utils\validation.py:2739: UserWarning: X does not have valid feature names, but LGBMRegressor was fitted with feature names
  warnings.warn(
C:\Users\User\Lab\py_repos\venv\lib\site-packages\sklearn\utils\validation.py:2739: UserWarning: X does not have valid feature names, but LGBMRegressor was fitted with feature names
  warnings.warn(
C:\Users\User\Lab\py_repos\venv\lib\site-packages\sklearn\utils\validation.py:2739: UserWarning: X does not have valid feature names, but LGBMRegressor was fitted with feature names
  warnings.warn(
C:\Users\User\Lab\py_repos\venv\lib\site-packages\sklearn\utils\validation.py:2739: UserWarning: X does not have valid feature names, but LGBMRegressor was fitted with feature names
  warnings.warn(
C:\Users\User\Lab\py_repos\venv\lib\site-packages\sklearn\utils\validation.py:2739: UserWarning: X does not have valid feature names, but LGBMRegressor was fitted with feature names
  warnings.warn(
C:\Users\User\Lab\py_repos\venv\lib\site-packages\sklearn\utils\validation.py:2739: UserWarning: X does not have valid feature names, but LGBMRegressor was fitted with feature names
  warnings.warn(
C:\Users\User\Lab\py_repos\venv\lib\site-packages\sklearn\utils\validation.py:2739: UserWarning: X does not have valid feature names, but LGBMRegressor was fitted with feature names
  warnings.warn(
C:\Users\User\Lab\py_repos\venv\lib\site-packages\sklearn\utils\validation.py:2739: UserWarning: X does not have valid feature names, but LGBMRegressor was fitted with feature names
  warnings.warn(
C:\Users\User\Lab\py_repos\venv\lib\site-packages\sklearn\utils\validation.py:2739: UserWarning: X does not have valid feature names, but LGBMRegressor was fitted with feature names
  warnings.warn(
C:\Users\User\Lab\py_repos\venv\lib\site-packages\sklearn\utils\validation.py:2739: UserWarning: X does not have valid feature names, but LGBMRegressor was fitted with feature names
  warnings.warn(
C:\Users\User\Lab\py_repos\venv\lib\site-packages\sklearn\utils\validation.py:2739: UserWarning: X does not have valid feature names, but LGBMRegressor was fitted with feature names
  warnings.warn(
C:\Users\User\Lab\py_repos\venv\lib\site-packages\sklearn\utils\validation.py:2739: UserWarning: X does not have valid feature names, but LGBMRegressor was fitted with feature names
  warnings.warn(
C:\Users\User\Lab\py_repos\venv\lib\site-packages\sklearn\utils\validation.py:2739: UserWarning: X does not have valid feature names, but LGBMRegressor was fitted with feature names
  warnings.warn(
C:\Users\User\Lab\py_repos\venv\lib\site-packages\sklearn\utils\validation.py:2739: UserWarning: X does not have valid feature names, but LGBMRegressor was fitted with feature names
  warnings.warn(
C:\Users\User\Lab\py_repos\venv\lib\site-packages\sklearn\utils\validation.py:2739: UserWarning: X does not have valid feature names, but LGBMRegressor was fitted with feature names
  warnings.warn(
C:\Users\User\Lab\py_repos\venv\lib\site-packages\sklearn\utils\validation.py:2739: UserWarning: X does not have valid feature names, but LGBMRegressor was fitted with feature names
  warnings.warn(
C:\Users\User\Lab\py_repos\venv\lib\site-packages\sklearn\utils\validation.py:2739: UserWarning: X does not have valid feature names, but LGBMRegressor was fitted with feature names
  warnings.warn(
C:\Users\User\Lab\py_repos\venv\lib\site-packages\sklearn\utils\validation.py:2739: UserWarning: X does not have valid feature names, but LGBMRegressor was fitted with feature names
  warnings.warn(
C:\Users\User\Lab\py_repos\venv\lib\site-packages\sklearn\utils\validation.py:2739: UserWarning: X does not have valid feature names, but LGBMRegressor was fitted with feature names
  warnings.warn(
C:\Users\User\Lab\py_repos\venv\lib\site-packages\sklearn\utils\validation.py:2739: UserWarning: X does not have valid feature names, but LGBMRegressor was fitted with feature names
  warnings.warn(
C:\Users\User\Lab\py_repos\venv\lib\site-packages\sklearn\utils\validation.py:2739: UserWarning: X does not have valid feature names, but LGBMRegressor was fitted with feature names
  warnings.warn(
C:\Users\User\Lab\py_repos\venv\lib\site-packages\sklearn\utils\validation.py:2739: UserWarning: X does not have valid feature names, but LGBMRegressor was fitted with feature names
  warnings.warn(
C:\Users\User\Lab\py_repos\venv\lib\site-packages\sklearn\utils\validation.py:2739: UserWarning: X does not have valid feature names, but LGBMRegressor was fitted with feature names
  warnings.warn(
C:\Users\User\Lab\py_repos\venv\lib\site-packages\sklearn\utils\validation.py:2739: UserWarning: X does not have valid feature names, but LGBMRegressor was fitted with feature names
  warnings.warn(
C:\Users\User\Lab\py_repos\venv\lib\site-packages\sklearn\utils\validation.py:2739: UserWarning: X does not have valid feature names, but LGBMRegressor was fitted with feature names
  warnings.warn(
C:\Users\User\Lab\py_repos\venv\lib\site-packages\sklearn\utils\validation.py:2739: UserWarning: X does not have valid feature names, but LGBMRegressor was fitted with feature names
  warnings.warn(
C:\Users\User\Lab\py_repos\venv\lib\site-packages\sklearn\utils\validation.py:2739: UserWarning: X does not have valid feature names, but LGBMRegressor was fitted with feature names
  warnings.warn(
C:\Users\User\Lab\py_repos\venv\lib\site-packages\sklearn\utils\validation.py:2739: UserWarning: X does not have valid feature names, but LGBMRegressor was fitted with feature names
  warnings.warn(
C:\Users\User\Lab\py_repos\venv\lib\site-packages\sklearn\utils\validation.py:2739: UserWarning: X does not have valid feature names, but LGBMRegressor was fitted with feature names
  warnings.warn(
C:\Users\User\Lab\py_repos\venv\lib\site-packages\sklearn\utils\validation.py:2739: UserWarning: X does not have valid feature names, but LGBMRegressor was fitted with feature names
  warnings.warn(
C:\Users\User\Lab\py_repos\venv\lib\site-packages\sklearn\utils\validation.py:2739: UserWarning: X does not have valid feature names, but LGBMRegressor was fitted with feature names
  warnings.warn(
C:\Users\User\Lab\py_repos\venv\lib\site-packages\sklearn\utils\validation.py:2739: UserWarning: X does not have valid feature names, but LGBMRegressor was fitted with feature names
  warnings.warn(
C:\Users\User\Lab\py_repos\venv\lib\site-packages\sklearn\utils\validation.py:2739: UserWarning: X does not have valid feature names, but LGBMRegressor was fitted with feature names
  warnings.warn(
C:\Users\User\Lab\py_repos\venv\lib\site-packages\sklearn\utils\validation.py:2739: UserWarning: X does not have valid feature names, but LGBMRegressor was fitted with feature names
  warnings.warn(
C:\Users\User\Lab\py_repos\venv\lib\site-packages\sklearn\utils\validation.py:2739: UserWarning: X does not have valid feature names, but LGBMRegressor was fitted with feature names
  warnings.warn(
C:\Users\User\Lab\py_repos\venv\lib\site-packages\sklearn\utils\validation.py:2739: UserWarning: X does not have valid feature names, but LGBMRegressor was fitted with feature names
  warnings.warn(
C:\Users\User\Lab\py_repos\venv\lib\site-packages\sklearn\utils\validation.py:2739: UserWarning: X does not have valid feature names, but LGBMRegressor was fitted with feature names
  warnings.warn(
C:\Users\User\Lab\py_repos\venv\lib\site-packages\sklearn\utils\validation.py:2739: UserWarning: X does not have valid feature names, but LGBMRegressor was fitted with feature names
  warnings.warn(
C:\Users\User\Lab\py_repos\venv\lib\site-packages\sklearn\utils\validation.py:2739: UserWarning: X does not have valid feature names, but LGBMRegressor was fitted with feature names
  warnings.warn(
C:\Users\User\Lab\py_repos\venv\lib\site-packages\sklearn\utils\validation.py:2739: UserWarning: X does not have valid feature names, but LGBMRegressor was fitted with feature names
  warnings.warn(
C:\Users\User\Lab\py_repos\venv\lib\site-packages\sklearn\utils\validation.py:2739: UserWarning: X does not have valid feature names, but LGBMRegressor was fitted with feature names
  warnings.warn(
C:\Users\User\Lab\py_repos\venv\lib\site-packages\sklearn\utils\validation.py:2739: UserWarning: X does not have valid feature names, but LGBMRegressor was fitted with feature names
  warnings.warn(
C:\Users\User\Lab\py_repos\venv\lib\site-packages\sklearn\utils\validation.py:2739: UserWarning: X does not have valid feature names, but LGBMRegressor was fitted with feature names
  warnings.warn(
C:\Users\User\Lab\py_repos\venv\lib\site-packages\sklearn\utils\validation.py:2739: UserWarning: X does not have valid feature names, but LGBMRegressor was fitted with feature names
  warnings.warn(
C:\Users\User\Lab\py_repos\venv\lib\site-packages\sklearn\utils\validation.py:2739: UserWarning: X does not have valid feature names, but LGBMRegressor was fitted with feature names
  warnings.warn(
C:\Users\User\Lab\py_repos\venv\lib\site-packages\sklearn\utils\validation.py:2739: UserWarning: X does not have valid feature names, but LGBMRegressor was fitted with feature names
  warnings.warn(
C:\Users\User\Lab\py_repos\venv\lib\site-packages\sklearn\utils\validation.py:2739: UserWarning: X does not have valid feature names, but LGBMRegressor was fitted with feature names
  warnings.warn(
C:\Users\User\Lab\py_repos\venv\lib\site-packages\sklearn\utils\validation.py:2739: UserWarning: X does not have valid feature names, but LGBMRegressor was fitted with feature names
  warnings.warn(
C:\Users\User\Lab\py_repos\venv\lib\site-packages\sklearn\utils\validation.py:2739: UserWarning: X does not have valid feature names, but LGBMRegressor was fitted with feature names
  warnings.warn(
C:\Users\User\Lab\py_repos\venv\lib\site-packages\sklearn\utils\validation.py:2739: UserWarning: X does not have valid feature names, but LGBMRegressor was fitted with feature names
  warnings.warn(
C:\Users\User\Lab\py_repos\venv\lib\site-packages\sklearn\utils\validation.py:2739: UserWarning: X does not have valid feature names, but LGBMRegressor was fitted with feature names
  warnings.warn(
C:\Users\User\Lab\py_repos\venv\lib\site-packages\sklearn\utils\validation.py:2739: UserWarning: X does not have valid feature names, but LGBMRegressor was fitted with feature names
  warnings.warn(
C:\Users\User\Lab\py_repos\venv\lib\site-packages\sklearn\utils\validation.py:2739: UserWarning: X does not have valid feature names, but LGBMRegressor was fitted with feature names
  warnings.warn(
C:\Users\User\Lab\py_repos\venv\lib\site-packages\sklearn\utils\validation.py:2739: UserWarning: X does not have valid feature names, but LGBMRegressor was fitted with feature names
  warnings.warn(
C:\Users\User\Lab\py_repos\venv\lib\site-packages\sklearn\utils\validation.py:2739: UserWarning: X does not have valid feature names, but LGBMRegressor was fitted with feature names
  warnings.warn(
C:\Users\User\Lab\py_repos\venv\lib\site-packages\sklearn\utils\validation.py:2739: UserWarning: X does not have valid feature names, but LGBMRegressor was fitted with feature names
  warnings.warn(
C:\Users\User\Lab\py_repos\venv\lib\site-packages\sklearn\utils\validation.py:2739: UserWarning: X does not have valid feature names, but LGBMRegressor was fitted with feature names
  warnings.warn(
C:\Users\User\Lab\py_repos\venv\lib\site-packages\sklearn\utils\validation.py:2739: UserWarning: X does not have valid feature names, but LGBMRegressor was fitted with feature names
  warnings.warn(
C:\Users\User\Lab\py_repos\venv\lib\site-packages\sklearn\utils\validation.py:2739: UserWarning: X does not have valid feature names, but LGBMRegressor was fitted with feature names
  warnings.warn(
C:\Users\User\Lab\py_repos\venv\lib\site-packages\sklearn\utils\validation.py:2739: UserWarning: X does not have valid feature names, but LGBMRegressor was fitted with feature names
  warnings.warn(
C:\Users\User\Lab\py_repos\venv\lib\site-packages\sklearn\utils\validation.py:2739: UserWarning: X does not have valid feature names, but LGBMRegressor was fitted with feature names
  warnings.warn(
C:\Users\User\Lab\py_repos\venv\lib\site-packages\sklearn\utils\validation.py:2739: UserWarning: X does not have valid feature names, but LGBMRegressor was fitted with feature names
  warnings.warn(
C:\Users\User\Lab\py_repos\venv\lib\site-packages\sklearn\utils\validation.py:2739: UserWarning: X does not have valid feature names, but LGBMRegressor was fitted with feature names
  warnings.warn(
C:\Users\User\Lab\py_repos\venv\lib\site-packages\sklearn\utils\validation.py:2739: UserWarning: X does not have valid feature names, but LGBMRegressor was fitted with feature names
  warnings.warn(
C:\Users\User\Lab\py_repos\venv\lib\site-packages\sklearn\utils\validation.py:2739: UserWarning: X does not have valid feature names, but LGBMRegressor was fitted with feature names
  warnings.warn(
C:\Users\User\Lab\py_repos\venv\lib\site-packages\sklearn\utils\validation.py:2739: UserWarning: X does not have valid feature names, but LGBMRegressor was fitted with feature names
  warnings.warn(
C:\Users\User\Lab\py_repos\venv\lib\site-packages\sklearn\utils\validation.py:2739: UserWarning: X does not have valid feature names, but LGBMRegressor was fitted with feature names
  warnings.warn(
C:\Users\User\Lab\py_repos\venv\lib\site-packages\sklearn\utils\validation.py:2739: UserWarning: X does not have valid feature names, but LGBMRegressor was fitted with feature names
  warnings.warn(
C:\Users\User\Lab\py_repos\venv\lib\site-packages\sklearn\utils\validation.py:2739: UserWarning: X does not have valid feature names, but LGBMRegressor was fitted with feature names
  warnings.warn(
C:\Users\User\Lab\py_repos\venv\lib\site-packages\sklearn\utils\validation.py:2739: UserWarning: X does not have valid feature names, but LGBMRegressor was fitted with feature names
  warnings.warn(
C:\Users\User\Lab\py_repos\venv\lib\site-packages\sklearn\utils\validation.py:2739: UserWarning: X does not have valid feature names, but LGBMRegressor was fitted with feature names
  warnings.warn(
C:\Users\User\Lab\py_repos\venv\lib\site-packages\sklearn\utils\validation.py:2739: UserWarning: X does not have valid feature names, but LGBMRegressor was fitted with feature names
  warnings.warn(
C:\Users\User\Lab\py_repos\venv\lib\site-packages\sklearn\utils\validation.py:2739: UserWarning: X does not have valid feature names, but LGBMRegressor was fitted with feature names
  warnings.warn(
C:\Users\User\Lab\py_repos\venv\lib\site-packages\sklearn\utils\validation.py:2739: UserWarning: X does not have valid feature names, but LGBMRegressor was fitted with feature names
  warnings.warn(
C:\Users\User\Lab\py_repos\venv\lib\site-packages\sklearn\utils\validation.py:2739: UserWarning: X does not have valid feature names, but LGBMRegressor was fitted with feature names
  warnings.warn(
C:\Users\User\Lab\py_repos\venv\lib\site-packages\sklearn\utils\validation.py:2739: UserWarning: X does not have valid feature names, but LGBMRegressor was fitted with feature names
  warnings.warn(
C:\Users\User\Lab\py_repos\venv\lib\site-packages\sklearn\utils\validation.py:2739: UserWarning: X does not have valid feature names, but LGBMRegressor was fitted with feature names
  warnings.warn(
C:\Users\User\Lab\py_repos\venv\lib\site-packages\sklearn\utils\validation.py:2739: UserWarning: X does not have valid feature names, but LGBMRegressor was fitted with feature names
  warnings.warn(
C:\Users\User\Lab\py_repos\venv\lib\site-packages\sklearn\utils\validation.py:2739: UserWarning: X does not have valid feature names, but LGBMRegressor was fitted with feature names
  warnings.warn(
C:\Users\User\Lab\py_repos\venv\lib\site-packages\sklearn\utils\validation.py:2739: UserWarning: X does not have valid feature names, but LGBMRegressor was fitted with feature names
  warnings.warn(
C:\Users\User\Lab\py_repos\venv\lib\site-packages\sklearn\utils\validation.py:2739: UserWarning: X does not have valid feature names, but LGBMRegressor was fitted with feature names
  warnings.warn(
C:\Users\User\Lab\py_repos\venv\lib\site-packages\sklearn\utils\validation.py:2739: UserWarning: X does not have valid feature names, but LGBMRegressor was fitted with feature names
  warnings.warn(
C:\Users\User\Lab\py_repos\venv\lib\site-packages\sklearn\utils\validation.py:2739: UserWarning: X does not have valid feature names, but LGBMRegressor was fitted with feature names
  warnings.warn(
C:\Users\User\Lab\py_repos\venv\lib\site-packages\sklearn\utils\validation.py:2739: UserWarning: X does not have valid feature names, but LGBMRegressor was fitted with feature names
  warnings.warn(
C:\Users\User\Lab\py_repos\venv\lib\site-packages\sklearn\utils\validation.py:2739: UserWarning: X does not have valid feature names, but LGBMRegressor was fitted with feature names
  warnings.warn(
C:\Users\User\Lab\py_repos\venv\lib\site-packages\sklearn\utils\validation.py:2739: UserWarning: X does not have valid feature names, but LGBMRegressor was fitted with feature names
  warnings.warn(
C:\Users\User\Lab\py_repos\venv\lib\site-packages\sklearn\utils\validation.py:2739: UserWarning: X does not have valid feature names, but LGBMRegressor was fitted with feature names
  warnings.warn(
C:\Users\User\Lab\py_repos\venv\lib\site-packages\sklearn\utils\validation.py:2739: UserWarning: X does not have valid feature names, but LGBMRegressor was fitted with feature names
  warnings.warn(
C:\Users\User\Lab\py_repos\venv\lib\site-packages\sklearn\utils\validation.py:2739: UserWarning: X does not have valid feature names, but LGBMRegressor was fitted with feature names
  warnings.warn(
C:\Users\User\Lab\py_repos\venv\lib\site-packages\sklearn\utils\validation.py:2739: UserWarning: X does not have valid feature names, but LGBMRegressor was fitted with feature names
  warnings.warn(
C:\Users\User\Lab\py_repos\venv\lib\site-packages\sklearn\utils\validation.py:2739: UserWarning: X does not have valid feature names, but LGBMRegressor was fitted with feature names
  warnings.warn(
C:\Users\User\Lab\py_repos\venv\lib\site-packages\sklearn\utils\validation.py:2739: UserWarning: X does not have valid feature names, but LGBMRegressor was fitted with feature names
  warnings.warn(
C:\Users\User\Lab\py_repos\venv\lib\site-packages\sklearn\utils\validation.py:2739: UserWarning: X does not have valid feature names, but LGBMRegressor was fitted with feature names
  warnings.warn(
C:\Users\User\Lab\py_repos\venv\lib\site-packages\sklearn\utils\validation.py:2739: UserWarning: X does not have valid feature names, but LGBMRegressor was fitted with feature names
  warnings.warn(
C:\Users\User\Lab\py_repos\venv\lib\site-packages\sklearn\utils\validation.py:2739: UserWarning: X does not have valid feature names, but LGBMRegressor was fitted with feature names
  warnings.warn(
C:\Users\User\Lab\py_repos\venv\lib\site-packages\sklearn\utils\validation.py:2739: UserWarning: X does not have valid feature names, but LGBMRegressor was fitted with feature names
  warnings.warn(
C:\Users\User\Lab\py_repos\venv\lib\site-packages\sklearn\utils\validation.py:2739: UserWarning: X does not have valid feature names, but LGBMRegressor was fitted with feature names
  warnings.warn(
C:\Users\User\Lab\py_repos\venv\lib\site-packages\sklearn\utils\validation.py:2739: UserWarning: X does not have valid feature names, but LGBMRegressor was fitted with feature names
  warnings.warn(
C:\Users\User\Lab\py_repos\venv\lib\site-packages\sklearn\utils\validation.py:2739: UserWarning: X does not have valid feature names, but LGBMRegressor was fitted with feature names
  warnings.warn(
C:\Users\User\Lab\py_repos\venv\lib\site-packages\sklearn\utils\validation.py:2739: UserWarning: X does not have valid feature names, but LGBMRegressor was fitted with feature names
  warnings.warn(
C:\Users\User\Lab\py_repos\venv\lib\site-packages\sklearn\utils\validation.py:2739: UserWarning: X does not have valid feature names, but LGBMRegressor was fitted with feature names
  warnings.warn(
C:\Users\User\Lab\py_repos\venv\lib\site-packages\sklearn\utils\validation.py:2739: UserWarning: X does not have valid feature names, but LGBMRegressor was fitted with feature names
  warnings.warn(
C:\Users\User\Lab\py_repos\venv\lib\site-packages\sklearn\utils\validation.py:2739: UserWarning: X does not have valid feature names, but LGBMRegressor was fitted with feature names
  warnings.warn(
C:\Users\User\Lab\py_repos\venv\lib\site-packages\sklearn\utils\validation.py:2739: UserWarning: X does not have valid feature names, but LGBMRegressor was fitted with feature names
  warnings.warn(
C:\Users\User\Lab\py_repos\venv\lib\site-packages\sklearn\utils\validation.py:2739: UserWarning: X does not have valid feature names, but LGBMRegressor was fitted with feature names
  warnings.warn(
C:\Users\User\Lab\py_repos\venv\lib\site-packages\sklearn\utils\validation.py:2739: UserWarning: X does not have valid feature names, but LGBMRegressor was fitted with feature names
  warnings.warn(
C:\Users\User\Lab\py_repos\venv\lib\site-packages\sklearn\utils\validation.py:2739: UserWarning: X does not have valid feature names, but LGBMRegressor was fitted with feature names
  warnings.warn(
C:\Users\User\Lab\py_repos\venv\lib\site-packages\sklearn\utils\validation.py:2739: UserWarning: X does not have valid feature names, but LGBMRegressor was fitted with feature names
  warnings.warn(
C:\Users\User\Lab\py_repos\venv\lib\site-packages\sklearn\utils\validation.py:2739: UserWarning: X does not have valid feature names, but LGBMRegressor was fitted with feature names
  warnings.warn(
C:\Users\User\Lab\py_repos\venv\lib\site-packages\sklearn\utils\validation.py:2739: UserWarning: X does not have valid feature names, but LGBMRegressor was fitted with feature names
  warnings.warn(
C:\Users\User\Lab\py_repos\venv\lib\site-packages\sklearn\utils\validation.py:2739: UserWarning: X does not have valid feature names, but LGBMRegressor was fitted with feature names
  warnings.warn(
C:\Users\User\Lab\py_repos\venv\lib\site-packages\sklearn\utils\validation.py:2739: UserWarning: X does not have valid feature names, but LGBMRegressor was fitted with feature names
  warnings.warn(
C:\Users\User\Lab\py_repos\venv\lib\site-packages\sklearn\utils\validation.py:2739: UserWarning: X does not have valid feature names, but LGBMRegressor was fitted with feature names
  warnings.warn(
C:\Users\User\Lab\py_repos\venv\lib\site-packages\sklearn\utils\validation.py:2739: UserWarning: X does not have valid feature names, but LGBMRegressor was fitted with feature names
  warnings.warn(
C:\Users\User\Lab\py_repos\venv\lib\site-packages\sklearn\utils\validation.py:2739: UserWarning: X does not have valid feature names, but LGBMRegressor was fitted with feature names
  warnings.warn(
C:\Users\User\Lab\py_repos\venv\lib\site-packages\sklearn\utils\validation.py:2739: UserWarning: X does not have valid feature names, but LGBMRegressor was fitted with feature names
  warnings.warn(
C:\Users\User\Lab\py_repos\venv\lib\site-packages\sklearn\utils\validation.py:2739: UserWarning: X does not have valid feature names, but LGBMRegressor was fitted with feature names
  warnings.warn(
C:\Users\User\Lab\py_repos\venv\lib\site-packages\sklearn\utils\validation.py:2739: UserWarning: X does not have valid feature names, but LGBMRegressor was fitted with feature names
  warnings.warn(
C:\Users\User\Lab\py_repos\venv\lib\site-packages\sklearn\utils\validation.py:2739: UserWarning: X does not have valid feature names, but LGBMRegressor was fitted with feature names
  warnings.warn(
C:\Users\User\Lab\py_repos\venv\lib\site-packages\sklearn\utils\validation.py:2739: UserWarning: X does not have valid feature names, but LGBMRegressor was fitted with feature names
  warnings.warn(
C:\Users\User\Lab\py_repos\venv\lib\site-packages\sklearn\utils\validation.py:2739: UserWarning: X does not have valid feature names, but LGBMRegressor was fitted with feature names
  warnings.warn(
C:\Users\User\Lab\py_repos\venv\lib\site-packages\sklearn\utils\validation.py:2739: UserWarning: X does not have valid feature names, but LGBMRegressor was fitted with feature names
  warnings.warn(
C:\Users\User\Lab\py_repos\venv\lib\site-packages\sklearn\utils\validation.py:2739: UserWarning: X does not have valid feature names, but LGBMRegressor was fitted with feature names
  warnings.warn(
C:\Users\User\Lab\py_repos\venv\lib\site-packages\sklearn\utils\validation.py:2739: UserWarning: X does not have valid feature names, but LGBMRegressor was fitted with feature names
  warnings.warn(
C:\Users\User\Lab\py_repos\venv\lib\site-packages\sklearn\utils\validation.py:2739: UserWarning: X does not have valid feature names, but LGBMRegressor was fitted with feature names
  warnings.warn(
C:\Users\User\Lab\py_repos\venv\lib\site-packages\sklearn\utils\validation.py:2739: UserWarning: X does not have valid feature names, but LGBMRegressor was fitted with feature names
  warnings.warn(
C:\Users\User\Lab\py_repos\venv\lib\site-packages\sklearn\utils\validation.py:2739: UserWarning: X does not have valid feature names, but LGBMRegressor was fitted with feature names
  warnings.warn(
C:\Users\User\Lab\py_repos\venv\lib\site-packages\sklearn\utils\validation.py:2739: UserWarning: X does not have valid feature names, but LGBMRegressor was fitted with feature names
  warnings.warn(
C:\Users\User\Lab\py_repos\venv\lib\site-packages\sklearn\utils\validation.py:2739: UserWarning: X does not have valid feature names, but LGBMRegressor was fitted with feature names
  warnings.warn(
C:\Users\User\Lab\py_repos\venv\lib\site-packages\sklearn\utils\validation.py:2739: UserWarning: X does not have valid feature names, but LGBMRegressor was fitted with feature names
  warnings.warn(
C:\Users\User\Lab\py_repos\venv\lib\site-packages\sklearn\utils\validation.py:2739: UserWarning: X does not have valid feature names, but LGBMRegressor was fitted with feature names
  warnings.warn(
C:\Users\User\Lab\py_repos\venv\lib\site-packages\sklearn\utils\validation.py:2739: UserWarning: X does not have valid feature names, but LGBMRegressor was fitted with feature names
  warnings.warn(
C:\Users\User\Lab\py_repos\venv\lib\site-packages\sklearn\utils\validation.py:2739: UserWarning: X does not have valid feature names, but LGBMRegressor was fitted with feature names
  warnings.warn(
C:\Users\User\Lab\py_repos\venv\lib\site-packages\sklearn\utils\validation.py:2739: UserWarning: X does not have valid feature names, but LGBMRegressor was fitted with feature names
  warnings.warn(
C:\Users\User\Lab\py_repos\venv\lib\site-packages\sklearn\utils\validation.py:2739: UserWarning: X does not have valid feature names, but LGBMRegressor was fitted with feature names
  warnings.warn(
C:\Users\User\Lab\py_repos\venv\lib\site-packages\sklearn\utils\validation.py:2739: UserWarning: X does not have valid feature names, but LGBMRegressor was fitted with feature names
  warnings.warn(
C:\Users\User\Lab\py_repos\venv\lib\site-packages\sklearn\utils\validation.py:2739: UserWarning: X does not have valid feature names, but LGBMRegressor was fitted with feature names
  warnings.warn(
C:\Users\User\Lab\py_repos\venv\lib\site-packages\sklearn\utils\validation.py:2739: UserWarning: X does not have valid feature names, but LGBMRegressor was fitted with feature names
  warnings.warn(
C:\Users\User\Lab\py_repos\venv\lib\site-packages\sklearn\utils\validation.py:2739: UserWarning: X does not have valid feature names, but LGBMRegressor was fitted with feature names
  warnings.warn(
C:\Users\User\Lab\py_repos\venv\lib\site-packages\sklearn\utils\validation.py:2739: UserWarning: X does not have valid feature names, but LGBMRegressor was fitted with feature names
  warnings.warn(
C:\Users\User\Lab\py_repos\venv\lib\site-packages\sklearn\utils\validation.py:2739: UserWarning: X does not have valid feature names, but LGBMRegressor was fitted with feature names
  warnings.warn(
C:\Users\User\Lab\py_repos\venv\lib\site-packages\sklearn\utils\validation.py:2739: UserWarning: X does not have valid feature names, but LGBMRegressor was fitted with feature names
  warnings.warn(
C:\Users\User\Lab\py_repos\venv\lib\site-packages\sklearn\utils\validation.py:2739: UserWarning: X does not have valid feature names, but LGBMRegressor was fitted with feature names
  warnings.warn(
C:\Users\User\Lab\py_repos\venv\lib\site-packages\sklearn\utils\validation.py:2739: UserWarning: X does not have valid feature names, but LGBMRegressor was fitted with feature names
  warnings.warn(
C:\Users\User\Lab\py_repos\venv\lib\site-packages\sklearn\utils\validation.py:2739: UserWarning: X does not have valid feature names, but LGBMRegressor was fitted with feature names
  warnings.warn(
C:\Users\User\Lab\py_repos\venv\lib\site-packages\sklearn\utils\validation.py:2739: UserWarning: X does not have valid feature names, but LGBMRegressor was fitted with feature names
  warnings.warn(
C:\Users\User\Lab\py_repos\venv\lib\site-packages\sklearn\utils\validation.py:2739: UserWarning: X does not have valid feature names, but LGBMRegressor was fitted with feature names
  warnings.warn(
C:\Users\User\Lab\py_repos\venv\lib\site-packages\sklearn\utils\validation.py:2739: UserWarning: X does not have valid feature names, but LGBMRegressor was fitted with feature names
  warnings.warn(
C:\Users\User\Lab\py_repos\venv\lib\site-packages\sklearn\utils\validation.py:2739: UserWarning: X does not have valid feature names, but LGBMRegressor was fitted with feature names
  warnings.warn(
C:\Users\User\Lab\py_repos\venv\lib\site-packages\sklearn\utils\validation.py:2739: UserWarning: X does not have valid feature names, but LGBMRegressor was fitted with feature names
  warnings.warn(
C:\Users\User\Lab\py_repos\venv\lib\site-packages\sklearn\utils\validation.py:2739: UserWarning: X does not have valid feature names, but LGBMRegressor was fitted with feature names
  warnings.warn(
C:\Users\User\Lab\py_repos\venv\lib\site-packages\sklearn\utils\validation.py:2739: UserWarning: X does not have valid feature names, but LGBMRegressor was fitted with feature names
  warnings.warn(
C:\Users\User\Lab\py_repos\venv\lib\site-packages\sklearn\utils\validation.py:2739: UserWarning: X does not have valid feature names, but LGBMRegressor was fitted with feature names
  warnings.warn(
C:\Users\User\Lab\py_repos\venv\lib\site-packages\sklearn\utils\validation.py:2739: UserWarning: X does not have valid feature names, but LGBMRegressor was fitted with feature names
  warnings.warn(
C:\Users\User\Lab\py_repos\venv\lib\site-packages\sklearn\utils\validation.py:2739: UserWarning: X does not have valid feature names, but LGBMRegressor was fitted with feature names
  warnings.warn(
C:\Users\User\Lab\py_repos\venv\lib\site-packages\sklearn\utils\validation.py:2739: UserWarning: X does not have valid feature names, but LGBMRegressor was fitted with feature names
  warnings.warn(
C:\Users\User\Lab\py_repos\venv\lib\site-packages\sklearn\utils\validation.py:2739: UserWarning: X does not have valid feature names, but LGBMRegressor was fitted with feature names
  warnings.warn(
C:\Users\User\Lab\py_repos\venv\lib\site-packages\sklearn\utils\validation.py:2739: UserWarning: X does not have valid feature names, but LGBMRegressor was fitted with feature names
  warnings.warn(
C:\Users\User\Lab\py_repos\venv\lib\site-packages\sklearn\utils\validation.py:2739: UserWarning: X does not have valid feature names, but LGBMRegressor was fitted with feature names
  warnings.warn(
C:\Users\User\Lab\py_repos\venv\lib\site-packages\sklearn\utils\validation.py:2739: UserWarning: X does not have valid feature names, but LGBMRegressor was fitted with feature names
  warnings.warn(
C:\Users\User\Lab\py_repos\venv\lib\site-packages\sklearn\utils\validation.py:2739: UserWarning: X does not have valid feature names, but LGBMRegressor was fitted with feature names
  warnings.warn(
C:\Users\User\Lab\py_repos\venv\lib\site-packages\sklearn\utils\validation.py:2739: UserWarning: X does not have valid feature names, but LGBMRegressor was fitted with feature names
  warnings.warn(
C:\Users\User\Lab\py_repos\venv\lib\site-packages\sklearn\utils\validation.py:2739: UserWarning: X does not have valid feature names, but LGBMRegressor was fitted with feature names
  warnings.warn(
C:\Users\User\Lab\py_repos\venv\lib\site-packages\sklearn\utils\validation.py:2739: UserWarning: X does not have valid feature names, but LGBMRegressor was fitted with feature names
  warnings.warn(
C:\Users\User\Lab\py_repos\venv\lib\site-packages\sklearn\utils\validation.py:2739: UserWarning: X does not have valid feature names, but LGBMRegressor was fitted with feature names
  warnings.warn(
C:\Users\User\Lab\py_repos\venv\lib\site-packages\sklearn\utils\validation.py:2739: UserWarning: X does not have valid feature names, but LGBMRegressor was fitted with feature names
  warnings.warn(
C:\Users\User\Lab\py_repos\venv\lib\site-packages\sklearn\utils\validation.py:2739: UserWarning: X does not have valid feature names, but LGBMRegressor was fitted with feature names
  warnings.warn(
C:\Users\User\Lab\py_repos\venv\lib\site-packages\sklearn\utils\validation.py:2739: UserWarning: X does not have valid feature names, but LGBMRegressor was fitted with feature names
  warnings.warn(
C:\Users\User\Lab\py_repos\venv\lib\site-packages\sklearn\utils\validation.py:2739: UserWarning: X does not have valid feature names, but LGBMRegressor was fitted with feature names
  warnings.warn(
C:\Users\User\Lab\py_repos\venv\lib\site-packages\sklearn\utils\validation.py:2739: UserWarning: X does not have valid feature names, but LGBMRegressor was fitted with feature names
  warnings.warn(
C:\Users\User\Lab\py_repos\venv\lib\site-packages\sklearn\utils\validation.py:2739: UserWarning: X does not have valid feature names, but LGBMRegressor was fitted with feature names
  warnings.warn(
C:\Users\User\Lab\py_repos\venv\lib\site-packages\sklearn\utils\validation.py:2739: UserWarning: X does not have valid feature names, but LGBMRegressor was fitted with feature names
  warnings.warn(
C:\Users\User\Lab\py_repos\venv\lib\site-packages\sklearn\utils\validation.py:2739: UserWarning: X does not have valid feature names, but LGBMRegressor was fitted with feature names
  warnings.warn(
C:\Users\User\Lab\py_repos\venv\lib\site-packages\sklearn\utils\validation.py:2739: UserWarning: X does not have valid feature names, but LGBMRegressor was fitted with feature names
  warnings.warn(
C:\Users\User\Lab\py_repos\venv\lib\site-packages\sklearn\utils\validation.py:2739: UserWarning: X does not have valid feature names, but LGBMRegressor was fitted with feature names
  warnings.warn(
C:\Users\User\Lab\py_repos\venv\lib\site-packages\sklearn\utils\validation.py:2739: UserWarning: X does not have valid feature names, but LGBMRegressor was fitted with feature names
  warnings.warn(
C:\Users\User\Lab\py_repos\venv\lib\site-packages\sklearn\utils\validation.py:2739: UserWarning: X does not have valid feature names, but LGBMRegressor was fitted with feature names
  warnings.warn(
C:\Users\User\Lab\py_repos\venv\lib\site-packages\sklearn\utils\validation.py:2739: UserWarning: X does not have valid feature names, but LGBMRegressor was fitted with feature names
  warnings.warn(
C:\Users\User\Lab\py_repos\venv\lib\site-packages\sklearn\utils\validation.py:2739: UserWarning: X does not have valid feature names, but LGBMRegressor was fitted with feature names
  warnings.warn(
C:\Users\User\Lab\py_repos\venv\lib\site-packages\sklearn\utils\validation.py:2739: UserWarning: X does not have valid feature names, but LGBMRegressor was fitted with feature names
  warnings.warn(
[Parallel(n_jobs=15)]: Done 750 out of 750 | elapsed:   16.5s finished
C: augmented ridge: fixed params {'alpha': 100.0, 'boost': 1.0, 'n_pca': 64}
geometry only: ridge: fixed params {'alpha': 0.01}
A: LightGBM: fixed params {'n_estimators': 500, 'n_pca': 64, 'num_leaves': 7, 'seed': 0}
750 fits
                               train_complexes  train_rows  test_rho  test_rho_sd  train_rho  pooled   rmse  rmse_sd
model                fraction                                                                                       
A: LightGBM          0.25                 9.24     127.107     0.143        0.049      0.933   0.145  1.604    0.069
                     0.50                18.44     263.347     0.165        0.055      0.944   0.260  1.519    0.061
                     0.75                27.56     402.320     0.264        0.040      0.911   0.394  1.420    0.054
                     1.00                36.80     534.400     0.308        0.017      0.870   0.471  1.359    0.025
C: augmented ridge   0.25                 9.24     127.107     0.396        0.036      0.750   0.354  1.463    0.043
                     0.50                18.44     263.347     0.436        0.024      0.616   0.443  1.404    0.032
                     0.75                27.56     402.320     0.454        0.015      0.578   0.461  1.381    0.017
                     1.00                36.80     534.400     0.457        0.006      0.555   0.484  1.360    0.013
geometry only: ridge 0.25                 9.24     127.107     0.383        0.041      0.485   0.325  1.603    0.293
                     0.50                18.44     263.347     0.421        0.031      0.469   0.417  1.412    0.024
                     0.75                27.56     402.320     0.430        0.012      0.456   0.441  1.390    0.012
                     1.00                36.80     534.400     0.433        0.008      0.455   0.449  1.382    0.012
